co_phieu_pho_thong_co_quyen_bieu_quyet,gia_tri_hao_mon_luy_ke,nguyen_gia,1_chi_phi_cho_phan_bo_dai_han,1_chi_phi_cho_phan_bo_ngan_han,1_chi_phi_san_xuat_kinh_doanh_do_dang_dai_han,1_chi_phi_tra_truoc_dai_han,1_chi_phi_tra_truoc_ngan_han,1_chung_khoan_kinh_doanh,1_hang_ton_kho,1_nguon_kinh_phi,1_phai_thu_dai_han_cua_khach_hang,1_phai_thu_ngan_han_cua_khach_hang,1_phai_tra_nguoi_ban_dai_han,1_phai_tra_nguoi_ban_ngan_han,1_tien,1_tai_san_co_dinh_huu_hinh,1_von_gop_cua_chu_so_huu,1_dau_tu_vao_cong_ty_con,10_co_phieu_uu_dai_no,10_loi_nhuan_sau_thue_chua_phan_phoi,10_phai_tra_ngan_han_khac,10_quy_khac_thuoc_von_chu_so_huu,10_vay_va_no_thue_tai_chinh_ngan_han,11_du_phong_phai_tra_ngan_han,11_loi_nhuan_sau_thue_chua_phan_phoi,11_thue_thu_nhap_hoan_lai_phai_tra,11_vay_va_no_thue_tai_chinh_ngan_han,12_du_phong_phai_tra_dai_han,12_du_phong_phai_tra_ngan_han,12_nguon_von_dau_tu_xdcb,12_quy_khen_thuong_phuc_loi,12_thue_thu_nhap_hoan_lai_phai_tra,13_du_phong_phai_tra_dai_han,13_loi_ich_co_dong_khong_kiem_soat,13_quy_binh_on_gia,13_quy_khen_thuong_phuc_loi,13_quy_phat_trien_khoa_hoc_va_cong_nghe,14_du_phong_tro_cap_mat_viec_lam,14_giao_dich_mua_ban_lai_trai_phieu_chinh_phu,14_quy_du_phong_tai_chinh,14_quy_phat_trien_khoa_hoc_va_cong_nghe,2_chi_phi_xay_dung_co_ban_do_dang,2_cac_khoan_tuong_duong_tien,2_du_phong_giam_gia_chung_khoan_kinh_doanh,2_du_phong_giam_gia_hang_ton_kho,2_nguon_kinh_phi_da_hinh_thanh_tscd,2_nguoi_mua_tra_tien_truoc_dai_han,2_nguoi_mua_tra_tien_truoc_ngan_han,2_thue_gtgt_duoc_khau_tru,2_thang_du_von,2_thang_du_von_co_phan,2_tra_truoc_cho_nguoi_ban_dai_han,2_tra_truoc_cho_nguoi_ban_ngan_han,2_tai_san_co_dinh_thue_tai_chinh,2_tai_san_thue_thu_nhap_hoan_lai,2_dau_tu_vao_cong_ty_lien_doanh_lien_ket,2_dau_tu_vao_cong_ty_lien_ket_lien_doanh,3_chi_phi_phai_tra_dai_han,3_phai_thu_noi_bo_ngan_han,3_phai_tra_co_tuc_loi_nhuan,3_quyen_chon_chuyen_doi_trai_phieu,3_thiet_bi_vat_tu_phu_tung_thay_the_dai_han,3_thue_va_cac_khoan_khac_phai_thu_nha_nuoc,3_thue_va_cac_khoan_khac_phai_thu_cua_nha_nuoc,3_thue_va_cac_khoan_phai_nop_nha_nuoc,3_tai_san_co_dinh_vo_hinh,3_von_kinh_doanh_o_cac_don_vi_truc_thuoc,3_dau_tu_gop_von_vao_don_vi_khac,3_dau_tu_nam_giu_den_ngay_dao_han,3_dau_tu_nam_giu_den_ngay_dao_han_ngan_han,4_phai_thu_noi_bo_dai_han,4_du_phong_ton_that_dau_tu_vao_don_vi_khac_dai_han,4_du_phong_dau_tu_nam_giu_den_ngay_dao_han_ngan_han,4_du_phong_dau_tu_tai_chinh_dai_han,4_giao_dich_mua_ban_lai_trai_phieu_chinh_phu,4_phai_thu_theo_tien_do_hop_dong_xay_dung,4_phai_thu_theo_tien_do_ke_hoach_hop_dong_xay_dung,4_phai_tra_nguoi_lao_dong,4_phai_tra_noi_bo_ve_von_kinh_doanh,4_thue_va_cac_khoan_phai_nop_nha_nuoc_ngan_han,4_tai_san_dai_han_khac,4_von_khac_cua_chu_so_huu,5_chi_phi_phai_tra_ngan_han,5_co_phieu_quy,5_loi_the_thuong_mai,5_phai_thu_dai_han_khac,5_phai_thu_ngan_han_khac,5_phai_thu_ve_cho_vay_dai_han,5_phai_thu_ve_cho_vay_ngan_han,5_phai_tra_nguoi_lao_dong,5_phai_tra_noi_bo_dai_han,5_tai_san_ngan_han_khac,5_dau_tu_nam_giu_den_ngay_dao_han,5_dau_tu_nam_giu_den_ngay_dao_han_dai_han,6_chi_phi_phai_tra_ngan_han,6_chenh_lech_danh_gia_lai_tai_san,6_doanh_thu_chua_thuc_hien_dai_han,6_du_phong_phai_thu_dai_han_kho_doi,6_du_phong_phai_thu_ngan_han_kho_doi,6_phai_thu_dai_han_khac,6_phai_thu_ngan_han_khac,6_phai_tra_noi_bo_ngan_han,6_dau_tu_dai_han_khac,7_chenh_lech_ty_gia_hoi_doai,7_doanh_thu_cho_phan_bo_dai_han,7_du_phong_phai_thu_dai_han_kho_doi,7_du_phong_phai_thu_ngan_han_kho_doi,7_phai_tra_dai_han_khac,7_phai_tra_theo_tien_do_ke_hoach_hop_dong_xay_dung,8_doanh_thu_chua_thuc_hien_ngan_han,8_phai_tra_dai_han_khac,8_phai_tra_theo_tien_do_hop_dong_xay_dung_ngan_han,8_quy_dau_tu_phat_trien,8_tai_san_thieu_cho_xu_ly,8_vay_va_no_thue_tai_chinh_dai_han,9_doanh_thu_cho_phan_bo_ngan_han,9_phai_tra_ngan_han_khac,9_quy_ho_tro_sap_xep_doanh_nghiep,9_quy_khac_thuoc_von_chu_so_huu,9_trai_phieu_chuyen_doi,9_vay_va_no_thue_tai_chinh_dai_han,a_no_phai_tra,a_tai_san_ngan_han,b_tai_san_dai_han,b_von_chu_so_huu,c_loi_ich_co_dong_thieu_so,c_no_phai_tra,d_von_chu_so_huu,i_cac_khoan_phai_thu_dai_han,i_no_ngan_han,i_tien_va_cac_khoan_tuong_duong_tien,i_von_chu_so_huu,ii_dau_tu_tai_chinh_ngan_han,ii_nguon_kinh_phi_va_quy_khac,ii_no_dai_han,ii_tai_san_co_dinh,iii_bat_dong_san_dau_tu,iii_cac_khoan_phai_thu_ngan_han,iv_hang_ton_kho,iv_tai_san_do_dang_dai_han,v_tai_san_do_dang_dai_han,v_tai_san_ngan_han_khac,v_dau_tu_tai_chinh_dai_han,vi_tai_san_dai_han_khac,vi_tai_san_ngan_han_khac,vi_dau_tu_tai_chinh_dai_han,vii_loi_the_thuong_mai,vii_tai_san_dai_han_khac,assets,co_phieu_uu_dai,lnst_chua_phan_phoi_ky_nay,lnst_chua_phan_phoi_luy_ke_den_cuoi_ky_truoc,period,total_assets,total_liabilities_equity
17035071210000.0,,,1748044165862.0,592431670183.0,,,,,1163844658543,,,10175295201576,,1852714940817,5022685693032,10218840964598,17035071210000,,,19702755221930.0,586509033785.0,,,,,,14491358043012.0,,568429169238.0,,,225408582305.0,441640477170.0,1170029477216.0,,1576181989047.0,,,,,192096283.0,979678197873,2970891918610,,-69273198384,,,824581395679,626239248109,49713213411.0,,,1476727313028,1049774612,672886877165,9410217695173.0,,,,19224252385.0,,,121526875562.0,,,1405422496340,,3822196436118.0,,18787408055631.0,,-2710089987125.0,-35872175224.0,,,255231754306.0,,,,930835170311.0,,855267876251.0,,,978136521462.0,581436563490.0,783125213986.0,,,2381460234023.0,,,,2774502166.0,1297318040710.0,,,-52372482637.0,-342389168838.0,,,,,-108259470829,351170921991.0,,,,,,144425098064.0,72097049140.0,1326445413495,,,1095442672376.0,,,91013628887.0,,1605069048520.0,,41527873060120,27058221725097,,,28464058214856.0,40122036570361.0,529064080853.0,25696151990523,7993577611642,40122036570361,18751535880407,,2767906224333,11625313235550,,12347990314058,1094571460159,,979678197873.0,,,,1340197793854.0,10525098646332.0,,3399067564489.0,,,2487371587099.0,17215383634831.0,2026-Q1,68586094785217,68586094785217
17035071210000.0,,,4200230383066.0,641070240596.0,,,,,2250812490757,2750000000.0,,12733504688522,,3837081438126,8084826991114,15385816846287,17035071210000,,,14324284500434.0,1014673786632.0,,,,,,19169697497955.0,,578298384069.0,,,198787701984.0,405858410471.0,7265098386273.0,,2161348997002.0,,,,,192096283.0,1604915957419,2455354649806,,-83623807838,,,761332738428,609517465104,49713213411.0,,,915176652285,1277212606,533534765559,3581128517425.0,,,,,,,131225405564.0,,,1942939547693,,3823762975906.0,,29612986737440.0,,-2667027499149.0,,,,200405269967.0,,,,2192156678455.0,,3499547369952.0,,,1015730266161.0,611435814893.0,1128684791757.0,5278733014.0,9195910819.0,5678410841285.0,,,,,1843426377372.0,,,-52372482637.0,-586166744274.0,,,,,-70194908319,127529003367.0,,,,,,149213186822.0,85650109236.0,1556932891952,,,4230708251601.0,,,88263628887.0,,1903789988184.0,,58102970741619,29986651038243,,,44338155487272.0,43751466292590.0,564342065270.0,41552785100161,10540181640920,43748716292590,29612986737440,2750000000.0,2785370387111,17330033606586,,14400800569076,2167188682919,,1604915957419.0,,,,1381813111264.0,4737863994182.0,,5749495414786.0,,,6924484515123.0,7399799985311.0,2025-Q4,88089621779862,88089621779862
17035071210000.0,,,4112639286448.0,727367088616.0,,,,,2134346913983,2750000000.0,,11454536291628,,2987803426808,7677693654613,15156746699358,17035071210000,,,13905342142939.0,886287256355.0,,,,,,16906417104678.0,,447281435201.0,,,251711896960.0,382749454108.0,7039652215035.0,,1466277560451.0,,,,,192096283.0,1639392184214,2175819076757,,-84031003966,,,889386954751,665436755637,49713213411.0,,,801251699142,1574138434,626835110443,2926769962921.0,,,,,,,133744369072.0,,,1832199076885,,3467604969734.0,,27125585559832.0,,-2411392556617.0,,,,192402178808.0,,,,1688953475754.0,,3499547369952.0,,,1175980649927.0,624504027254.0,1196855208054.0,4847000537.0,45227471491.0,5855479855263.0,,,,,1288325325852.0,,,-52372482637.0,-613258400119.0,,,,,-27681339351,157108380388.0,,,,,,148623774023.0,97274560617.0,1237865469600,,,3772473040194.0,,,88263628887.0,,2681435422290.0,,53632976863548,29105328066901,,,39907781019976.0,42830523910473.0,576978545154.0,36285959995924,9853512731370,42827773910473,27125585559832,2750000000.0,3621821024052,16990519914677,,13077014449004,2050315910017,,1639392184214.0,,,,1526548213325.0,3982982376038.0,,5915455046818.0,,,6871080083810.0,7034262059129.0,2025-Q3,82738304930449,82738304930449
14813301220000.0,,,4043305734364.0,721172649340.0,,,,,2157814116939,2750000000.0,,11175300447724,,3048129830899,7755450852909,14918062033907,14813301220000,,,13754625963366.0,791618953091.0,,,,,,20297311111107.0,,445896728018.0,,,646538868114.0,355154902907.0,6569531877020.0,,1506718165310.0,,,,,192096283.0,1668840462857,2264180142227,,-83702898767,,,832680973164,636667509274,49713213411.0,,,806039137690,1829838007,909024125220,2749087174920.0,,,,,,,114884275311.0,,,1936116534630,,3489039064306.0,,26619399709978.0,,-2424277857391.0,,,,164046117155.0,,,,1444374187645.0,,3445303270339.0,,,1043803405489.0,602496864928.0,988041181778.0,5262117035.0,10069852326.0,4948810580669.0,,,,200000000.0,1316015133539.0,,,-52372482637.0,-618183101143.0,,,,,765225132,154400605892.0,,,,,,146036731316.0,146279877893.0,1153142943064,,,2905363929549.0,,,87328710821.0,,2739611909827.0,,52711179992741,28890417015635,,,41725134585223.0,39876462423153.0,555386499326.0,37683199470884,10019630995136,39873712423153,26619399709978,2750000000.0,4041935114339,16856008406544,,12525313635530,2074111218172,,1668840462857.0,,,,1472724433925.0,3814048381835.0,,5996133265073.0,,,4436250987585.0,9318374975781.0,2025-Q2,81601597008376,81601597008376
14710691830000.0,,,3785638253320.0,664880944825.0,,,,,2238873166859,2750000000.0,,10855474371546,,3244393302947,5342746710936,13567762652609,14710691830000,,,13205526456323.0,1251531665774.0,,,,,,18320209599285.0,,469541169378.0,,,569727369002.0,302827405368.0,5822598933827.0,,1651013852183.0,,,,,192096283.0,2812693461694,1412898503316,,-130934081864,,,601277867861,641338640115,49713213411.0,,,654479702711,1950397239,749151566547,2496646180033.0,,,,,,,139497628510.0,,,1978640933934,,3422494535673.0,,23768377985785.0,,-2392837248911.0,,,,153811104201.0,,,,1121444348802.0,,1929012703454.0,,,1066102117874.0,482857117398.0,894960947874.0,3234647419.0,9757907901.0,3131535196468.0,,,,200000000.0,1333924968064.0,,,-52372482637.0,-570652543118.0,,,,,13708111052,148599657911.0,,,,,,174873393589.0,101890782709.0,2071074307101,,,2690354669032.0,,,91579141774.0,,987681080191.0,,46075510989597,27922162132192,,,36101018424847.0,37896654696942.0,433719282180.0,33917117422503,6755645214252,37893904696942,23768377985785,2750000000.0,2183901002344,15548353983782,,11997831491115,2107939084995,,2812693461694.0,,,,1445717213450.0,3526503466795.0,,5600891937741.0,,,2174301386525.0,11031225069798.0,2025-Q1,73997673121789,73997673121789
14710691830000.0,,,,,,3815166554012.0,453590735414.0,,1969267986149,2750000000.0,,10537019113380,,4423912840298,6725619929289,12800055145626,14710691830000,,,,,87730484825.0,14446238451323.0,438100145127.0,11023565343389.0,356994720571.0,,262864215119.0,,,1834274483606.0,,,5933691775223.0,,,192096283.0,,,,,2559818072744,2589820509595,,-133467537483,,,562066755666,648700701860,,49713213411.0,,610379845664,2042708364,573020091858,,2282142017143.0,,,,,,,56757639039.0,2292659239333.0,2039520516122,,3393737969842.0,21785213686808.0,,,,,-2357065169334.0,,,136097256629.0,4267635878722.0,,,,1929012703454.0,1253394342965.0,,1097458206678.0,,,2509722351.0,9808117590.0,,,,200000000.0,,,,131344534204.0,,,381508926294.0,706219898391.0,,,-49482336677,,-52372482637.0,-619531925859.0,183788442785.0,92738882375.0,4252957254484.0,,,2108953405345,,501115537075.0,,916333996623.0,,,,,36216611816559.0,45475495956466,26537742279063,35796626418970.0,,,,331646166008.0,34780312270522,9315440438884,35793876418970,21785213686808,2750000000.0,1436299546037,14841618370112,,11379992305795,1835800448666,2559818072744.0,,1159049076313.0,3319014817651.0,5485644852548.0,,,,,,,5565337234255.0,5458228109134.0,2024-Q4,72013238235529,72013238235529
14604480660000.0,,,,,,3447179472476.0,617798475447.0,,2193960954794,2750000000.0,,10799828515307,,3096588816686,5251361305952,12896881546915,14604480660000,,,,,87730484825.0,14167809581083.0,68122659088.0,11263802921306.0,281716928073.0,,159682175736.0,,,1067832843209.0,,,5671387531825.0,,,192096283.0,,,,,1474733361173,2684271101405,,-134849980472,,,561493915003,604630088228,,49713213411.0,,566097011978,2382853627,619606969919,,2107973088950.0,,,,,,,70187936409.0,1674374835631.0,1540006581949,,3127281986657.0,19442595123064.0,,,,,-2021313614527.0,,,194158152911.0,4450898103166.0,,,,1928079706361.0,1331750914463.0,,1434724678776.0,,,897416719.0,33543915000.0,,,,200000000.0,,,,136336645256.0,,,398299567069.0,900121856114.0,,,-29631639215,,-52372482637.0,-618598751821.0,191578670665.0,73935649016.0,3609185372381.0,,,1785871347912,,478259485405.0,,867644213813.0,,,,,32217402904957.0,42605105704316,24976481427066,35364184226425.0,,,,346824501151.0,30969636903539,7935632407357,35361434226425,19442595123064,2750000000.0,1247766001418,14439270982491,,11875150699489,2059110974322,1474733361173.0,,1292616500084.0,3214141461080.0,5501511121171.0,,,,,,,5762017834569.0,5501785086737.0,2024-Q3,67581587131382,67581587131382
14604480660000.0,,,,,,3317231255111.0,581246029484.0,,2020867809584,2750000000.0,,10309248199833,,3214619267192,5619992039480,12660063163797,14604480660000,,,,,87730484825.0,16024050830233.0,171953752690.0,9176685897795.0,281846591212.0,,112645919318.0,,,1078656072209.0,,,5299246371520.0,,,192096283.0,,,,,1475304890550,1216270509715,,-137350027901,,,773964458511,518863078795,,49713213411.0,,599121868182,3124963681,589559256274,,1964698503482.0,,,,,,,94689175815.0,1334330795375.0,1707218886272,,2957192860629.0,19916062543669.0,,,,,-1846188513530.0,,,196821565607.0,3918326517458.0,,,,1928079706361.0,1089742264001.0,,1334758371476.0,,,298168000.0,18634400000.0,,,,20200000000.0,,,,129106508320.0,,,367722195710.0,853765844605.0,,,-54246270878,,-52372482637.0,-985076830775.0,194225709333.0,80065381119.0,2819029249307.0,,,1689800219262,,478494331122.0,,836477698929.0,,,,,32537727442612.0,40823156206093,24498811518815,32784240282296.0,,,,315647881073.0,31341216287024,6836262549195,32781490282296,19916062543669,2750000000.0,1196511155588,14370407013750,,10992515047452,1883517781683,1475304890550.0,,1194798284094.0,3095902850581.0,5241548882861.0,,,,,,,3671845614300.0,5504840283495.0,2024-Q2,65321967724908,65321967724908
12699688750000.0,,,,,,3291841329838.0,626343628225.0,,1996597949120,2750000000.0,,9393764058957,,3179670522866,5411920365956,12297776649497,12699688750000,,,,,87730484825.0,15984086694338.0,283898524781.0,10478838767447.0,330205688036.0,,96696696624.0,,,1092670762794.0,,,4892732884725.0,,,192096283.0,,,,,1429362563324,929537139040,,-140194307651,,,663830151912,480443466850,,49713213411.0,,628462570207,3541847532,463159590283,,2186084508454.0,,,,,,,89469703306.0,958840995271.0,1512918754652,,2949336301696.0,18230159723426.0,,,,,-1740061654916.0,,,190429912043.0,2685858614485.0,,,,1928079706361.0,934931288233.0,,1611723437032.0,,,,657520000.0,,,,20200000000.0,,,,125499512897.0,,,372045169185.0,819717532596.0,,,-39209406195,,-52372482637.0,-978160227586.0,186678090522.0,71558000530.0,2436685610160.0,,,1626776630590,,525148987126.0,,741151780407.0,,,,,30297604017265.0,37679149034489,24345556013940,31727101031164.0,,,,319672686548.0,29033182945777,6341457504996,31724351031164,18230159723426,2750000000.0,1264421071488,13814237251681,,10054871366217,1856403641469,1429362563324.0,,1196256798381.0,3415559155234.0,5366724357153.0,,,,,,,1798066420421.0,8680772347026.0,2024-Q1,62024705048429,62024705048429
12699688750000.0,,,,,,3389945901107.0,582949832011.0,,1724956924671,2750000000.0,,9044709144898,,2603082384726,5975127685903,12382116875314,12699688750000,,,,,87203093024.0,13837894474107.0,379618879870.0,8679208502528.0,257214627286.0,,69317780976.0,,,1461339534705.0,,,4958194500693.0,,,192096283.0,,,,,1315270136003,2304028997318,,-131545849438,,,602100022731,531703625576,,49713213411.0,,348405863076,4018633151,368684417542,,2140003690320.0,,,,,,,84181723091.0,1433245828828.0,1257097141433,,2830355013038.0,16104205358010.0,,,,,-1623156391089.0,,,182965994736.0,3761187996351.0,,,,1928602158147.0,882930232561.0,,1283790079129.0,,,,515430000.0,,,,20200000000.0,,,,132927038647.0,,,299779688236.0,869495265613.0,,,-17000608261,,-52372482637.0,-912156645080.0,41914135058.0,78456375540.0,3620205460042.0,,,1559995344872,,208074996962.0,,1007219232845.0,,,,,30376921097518.0,36709543350385,23615732701547,29948354954414.0,,,,247407205599.0,29667280422306,8279156683221,29945604954414,16104205358010,2750000000.0,709640675212,13643232649898,,9533935053243,1593411075233,1315270136003.0,,1198835180678.0,3367402312269.0,5042420397778.0,,,,,,,4208629838475.0,4470578664053.0,2023-Q4,60325276051932,60325276051932
12699688750000.0,,,,,,3426793863558.0,629748166454.0,,1896440753051,2750000000.0,,8927001832356,,2585707569612,4868732047232,12077071951731,12699688750000,,,,,87203093024.0,18937892531470.0,287580645751.0,8388775579103.0,282491025620.0,,36154179269.0,,,781166115536.0,,,4771571633243.0,,,192096283.0,,,,,1328956674102,2284893022563,,-138893241266,,,501875085943,506465099172,,49713213411.0,,419601591333,2663721541,347081977338,,2012251531833.0,,,,,,,47041860558.0,1069087225876.0,1182003245562,,2562675236710.0,19618195845890.0,,,,,-1371830139589.0,,,229678782310.0,3589458007695.0,,,,1179064868147.0,1164543242031.0,,755457584159.0,,,582878037.0,50546966120.0,,,,20200000000.0,,,,134553566063.0,,,289197032318.0,1003092487869.0,,,-51363368317,,-52372482637.0,-810601939661.0,31144281527.0,92239834804.0,3359644957311.0,,,1278251861087,,172070230363.0,,681220123792.0,,,,,33707020718946.0,39531943273981,22580733074663,28405655629698.0,,,,237407427718.0,33050415339821,7153625069795,28402905629698,19618195845890,2750000000.0,656605379125,13261738918834,,9819319720327,1757547511785,1328956674102.0,,1183255126184.0,3223296628954.0,4529333425055.0,,,,,,,3198658610039.0,5190116969064.0,2023-Q3,62112676348644,62112676348644
11043316220000.0,,,,,,3492345731610.0,516741835533.0,,2178824846894,2750000000.0,,8039569359154,,2650557839970,4116495111876,11043239764905,11043316220000,,,,,87203093024.0,19315357110419.0,345942050987.0,10666118581988.0,243810507550.0,,1865193236.0,,,789351485895.0,,,4444628400075.0,,,192096283.0,,,,,1758055535618,2119979989530,,-150564103477,,,601240983383,477098404828,,49713213411.0,,500907002679,25006269586,316329471365,,1962107657781.0,,,,,,,41414280322.0,810546803780.0,1196343189731,,2432093749312.0,20451941376989.0,,,,,-1369231580684.0,,,227380785100.0,2508104116971.0,,,,1179064868147.0,925737646121.0,,693010132357.0,,,729134337.0,50562368657.0,,,,20200000000.0,,,,132677336296.0,,,280432794993.0,950333045093.0,,,-63772974808,,-52372482637.0,-762287445920.0,30884265518.0,83376234795.0,2674269541836.0,,,1186162995340,,229405973901.0,,618182641414.0,,,,,31961501828355.0,38758396857258,21798289368274,28595184397177.0,,,,228789446693.0,31322666455571,6236475101406,28592434397177,20451941376989,2750000000.0,638835372784,12264589224222,,9006465114763,2028260743417,1758055535618.0,,1035254520683.0,3045169826409.0,4501685335332.0,,,,,,,3002470167474.0,7663648414514.0,2023-Q2,60556686225532,60556686225532
10970265720000.0,,,,,,3516501185403.0,503245874090.0,,2236267337224,2750000000.0,,7918165205099,,2626774696342,3068013165452,10712640558475,10970265720000,,,,,87203093024.0,12043373564413.0,335934158523.0,9207127401083.0,174306692388.0,,2132345207.0,,,841377905879.0,,,4472360423478.0,,,192096283.0,,,,,1240583037748,221411285777,,-150957890998,,,662235154979,405706257428,,49713213411.0,,646447723206,29262160342,280295703398,,2251512534598.0,,,,,,,86153771056.0,643415651157.0,1241552636223,,2364550933343.0,13860719245281.0,,,,,-1379053572890.0,,,231842985934.0,1860796729871.0,,,,1179064868147.0,847818189824.0,,715362979924.0,,,1002905644.0,50766311424.0,,,,20200000000.0,,,,118220396437.0,,,274630125271.0,1194702771309.0,,,-41422767659,,-52372482637.0,-747991330676.0,28780542089.0,63181791091.0,2484313617981.0,,,1134117262506,,312845373321.0,,634283296673.0,,,,,23679982202458.0,29524492711606,21216668704842,27061179213990.0,,,,223260548278.0,23043504756733,3289424451229,27058429213990,13860719245281,2750000000.0,636477445725,11983455355040,,9293933666296,2085309446226,1240583037748.0,,995105902574.0,3257209895051.0,4512159868725.0,,,,,,,1493562580890.0,7713564820193.0,2023-Q1,50741161416448,50741161416448
10970265720000.0,,,,,,3488252134893.0,409346699247.0,,2121118039562,2750000000.0,,7977155596006,,3206184111365,3880860111126,10714231138520,11019978933411,,,,,87203093024.0,10904344845014.0,252582995783.0,7704079785679.0,154667513616.0,,2763464633.0,,,1056142267072.0,,,4310620574492.0,,,192096283.0,,,,,1062188521735,2559317063142,,-155330302999,,,491097603761,385749208732,,,,293039400616,31623636433,253404299067,,2206534387270.0,,,,,,,186639395697.0,671666303957.0,1287060189954,,2386837295565.0,13036072272619.0,,,,,-1351883375471.0,,,199252243559.0,3187230376093.0,,,,1179064868147.0,904602037747.0,,,,,1189922137.0,882560901.0,,,,10200000000.0,,,,114879436367.0,,,276273436689.0,741724414225.0,,,-40357533181,,-52372482637.0,-701902009601.0,27863907732.0,78663541041.0,3200401361855.0,,,1079641024169,,1477830333990.0,,581315702898.0,,,,,26312427899207.0,30933924692832,20721483952116,25342980745741.0,,,,225090876189.0,24534231146586,6440177174268,25340230745741,13036072272619,2750000000.0,1778196752621,12032914964907,,8510152205706,1965787736563,1062188521735.0,,981735303676.0,3251688307364.0,3741656433960.0,,,407944847961.0,,,49713213411.0,3600292338078.0,4103787447601.0,2022-Q4,51655408644948,51655408644948
10970265720000.0,,,,,,3264803928105.0,427201606844.0,,2296513265409,,,7096426530579,,2707442895626,3482963103926,10171786476096,10970265720000,,,,,87203093024.0,16248169308008.0,106405766046.0,6953169466146.0,148132237634.0,,2543860378.0,,,495700244816.0,,,4160482918155.0,,,192096283.0,,,,,955409408475,254328700000,,-108357035577,2750000000.0,,913352865512,323529979594,,49713213411.0,,378829424777,30360484766,271416719901,,2110592135654.0,,,,,,,19608196305.0,781880561029.0,1182193133366,,2261588722773.0,20389025847693.0,,,,,-1024083375471.0,,,186100648991.0,2785519774205.0,,,,1178175536522.0,1024689935015.0,,,,,1291670151.0,100614829000.0,,,,12506810000.0,,,,110103965020.0,,,249558811430.0,1033125403561.0,,,-55305450641,,-52372482637.0,-610435677480.0,29984100889.0,72719206996.0,3037948791488.0,,,709313832999,,2082516102387.0,,524031475207.0,,,,,31071333186539.0,35269474823622,19857626692533,24055768329616.0,,,,198477998944.0,28697860823948,3737291803926,24053018329616,20389025847693,2750000000.0,2373472362591,11384340094228,,8184661159428,2188156229832,955409408475.0,,770339782743.0,3360604292956.0,3536220648006.0,,,422574249924.0,,,,2846127058863.0,4107042407283.0,2022-Q3,55127101516155,55127101516155
10970265720000.0,,,,,,3125055583509.0,397223198101.0,,2307220887489,,,6459915737898,,2490789349091,3951871648590,9515909907091,10970265720000,,,,,87203093024.0,19720103859650.0,114340944900.0,6595216750785.0,139922402269.0,,4589741788.0,,,505387173815.0,,,3852246361314.0,,,192096283.0,,,,,1398360432350,1268078506015,,-99760597234,2750000000.0,,692341801749,299774201931,,49713213411.0,,318135753389,32931396849,233097944607,,2010791791855.0,,,,,,,20278980665.0,657180955849.0,1086053755844,,1997596608810.0,21520473393082.0,,,,,-881583375471.0,,,182114045415.0,2315930149434.0,,,,1178174776366.0,958081075235.0,,,,,1505789237.0,230514320000.0,,,,3243631500.0,,,,146806184152.0,,,228050253580.0,875154679446.0,,,-26957064643,,-52372482637.0,-571288493481.0,33871581150.0,78305548917.0,2189183093048.0,,,703060297129,,2142433707043.0,,694418338558.0,,,,,32883878002931.0,37159706261306,19135844889011,23411673147386.0,,,,177183560180.0,30416062290246,5219950154605,23408923147386,21520473393082,2750000000.0,2467815712685,10634895059784,,7494546042667,2207460290255,1398360432350.0,,717276380697.0,3130048656694.0,3358153528116.0,,,437203651887.0,,,,2490963876586.0,4104252874199.0,2022-Q2,56295551150317,56295551150317
9075516490000.0,,,,,,3041553782870.0,394619151977.0,,1949021697571,,,6583921977026,,2583192225305,2854818888207,9444684229515,9075516490000,,,,,87203093024.0,20476429866972.0,147569337746.0,8244315683289.0,120728665376.0,,5139928575.0,,,554965942500.0,,,3775623015431.0,,,192096283.0,,,,,1191129843047,1971021768658,,-107126976141,2750000000.0,,613378448097,271297039032,,49713213411.0,,340903447190,4272874821,235085766035,,2226875313670.0,,,,,,,42176082096.0,602757960142.0,1116739928531,,1965581621372.0,21606129233008.0,,,,,-881583375471.0,,,175086330906.0,1638761384536.0,,,,1178174776366.0,992312010535.0,,,,,1843371213.0,300496746655.0,,,,243631500.0,,,,114068114607.0,,,240576957028.0,793796862180.0,,,-20961672908,,-54729173818.0,-558811703785.0,35656814613.0,81104262587.0,2046286279076.0,,,567067242973,,2228486463502.0,,400867711582.0,,,,,32641897512034.0,36617350544580,18983948809040,22959401841586.0,,,,187691154423.0,30137625429078,4825840656865,22956651841586,21606129233008,2750000000.0,2504272082956,10565697032867,,7635393660172,1841894721430,1191129843047.0,,708092273105.0,3311117191071.0,3276639548905.0,,,451674038727.0,,,,1238892190566.0,7005423492723.0,2022-Q1,55601299353620,55601299353620
9075516490000.0,,,,,,2972696947589.0,290950472969.0,,1623315328554,2750000000.0,,6211956510246,,2865954696781,3447377471942,9260938430651,9075516490000,,,,,87203093024.0,17799441187777.0,112413880560.0,6997849946082.0,87366215294.0,,5230766819.0,,,822135723104.0,,,3477416153145.0,,,192096283.0,,,,,1292046691473,1970467802105,,-115972426935,,,710658541296,256103808848,,49713213411.0,,400846789036,4842789874,181642320580,,2016470719587.0,,,,,,,31501405419.0,518558401360.0,1133060057847,,1931006629408.0,20730720735456.0,,,,,-847218375471.0,,,,2917949562129.0,,,466929099458.0,1178174776366.0,834210180258.0,-823760000.0,,,,2268758773.0,168939964952.0,,,,200000000.0,,,,40873965653.0,,,219704534928.0,34762220000.0,,,-22525874645,,-54729173818.0,595810040192.0,34908209574.0,89224688468.0,2584339179470.0,,,574902605021,-529995962239.0,2296308494046.0,,556701160148.0,,,,,32276466949020.0,35116784160545,18579859430879,21420176642404.0,,,,167244119883.0,29811587201351,5417845274047,21417426642404,20730720735456,2750000000.0,2464879747669,10398841278372,,6882319562187,1507342901619,1292046691473.0,,578555687236.0,3100458973524.0,3621268367627.0,,,,,,,3031090515883.0,3966759430199.0,2021-Q4,53696643591424,53696643591424
9075516490000.0,,,,,,2819282135701.0,276299347871.0,,2075649392742,2750000000.0,,5827087167607,,2019211729539,2936232673264,7360311588243,9075516490000,,,,,87203093024.0,15943319237854.0,215004853907.0,6089271019675.0,50255735224.0,,4728004968.0,,,328119669867.0,,,3340600465277.0,,,192096283.0,,,,,2775668094067,2510551410424,,-120577334799,,,883273527253,243800135652,,49713213411.0,380000000.0,338658818579,2559686397,120049037596,,1666577112307.0,,,,,,,23430601278.0,557387300743.0,1080083677247,,1797807709833.0,16055301795066.0,,,,,-709758375471.0,,,119879763439.0,2096418296648.0,,,,1178174776366.0,884555621719.0,-823760000.0,,,,2574676673.0,260408900000.0,,,,200000000.0,,,,105085421741.0,,,220362896628.0,629749883333.0,,,-16213029123,,-54729173818.0,-520966179111.0,50749460183.0,87001952153.0,2236178115087.0,,,517940941802,,1818552251255.0,,640711514765.0,,,,,27920744789189.0,30655506375345,17589371624276,20324133210432.0,,,,168588399483.0,25891181819535,5446784083688,20321383210432,16055301795066,2750000000.0,2029562969654,8442954951887,,6654818353847,1955072057943,2775668094067.0,,543530084801.0,2754826446669.0,2939331173297.0,,,508002558873.0,,,,2124278710908.0,3964992308767.0,2021-Q3,48244877999621,48244877999621
9075516490000.0,,,,,,2350384683347.0,707395219535.0,,1975988437987,2750000000.0,,5531866163327,,2897707005266,2671613358430,7225475515955,9075516490000,,,,,87203093024.0,15361627338629.0,174870638003.0,5900973399171.0,4557313213.0,,5282329938.0,,,344425619867.0,,,3270651290604.0,,,192096283.0,,,,,2750511035739,2307267978791,,-126381554116,,,918425150837,240684478781,,49713213411.0,380000000.0,579927721506,2823139478,107814099860,,1968017053885.0,,,,,,,22048597036.0,583342505961.0,1064378270830,,1344680826356.0,15532505379957.0,,,,,-663838375471.0,,,204224676753.0,1547517480131.0,,,,1176568596721.0,808921188341.0,-823760000.0,,,,93335081908.0,235416520000.0,,,,200000000.0,,,,71815028095.0,,,287712999088.0,632605399042.0,,,-6623756873,,-54729173818.0,-508045352446.0,51433459343.0,80303148269.0,1864518601891.0,,,501599626887,,1800034282871.0,,407999670715.0,,,,,26922972857653.0,30007117024583,16973384026015,20057528192945.0,,,,326698907178.0,24989658347910,4978881337221,20054778192945,15532505379957,2750000000.0,1933314509743,8292676926263,,6675995128182,1849606883871,2750511035739.0,,970128295352.0,2649059504770.0,2458198783207.0,,,496238868858.0,,,,1906078047642.0,3994895351529.0,2021-Q2,46980501050598,46980501050598
7839874860000.0,,,,,,2285753665693.0,670749876274.0,,1760642156640,2750000000.0,,5277490091007,,2401469243166,2631972515733,7285925964352,7839874860000,,,,,87203093024.0,14804786460957.0,201240542132.0,7294117578994.0,5940026922.0,,5416991533.0,,,398606526667.0,,,3092414808669.0,,,192096283.0,,,,,2519515958397,2530713384786,,-122167832017,,,677215380800,250943710339,,49713213411.0,380000000.0,467365468959,2528271864,116404949011,,2112400428879.0,,,,,,,73912501141.0,464459732344.0,1084776534257,,1202989742312.0,14057681981618.0,,,,,-511059425471.0,,,194746840384.0,1029861069699.0,,,,920081410199.0,888720317812.0,-823760000.0,,,,93568407678.0,,,,,200000000.0,,,,50316202477.0,,,206770217984.0,603967552923.0,,,-17762312970,,-54729173818.0,-492493006954.0,39744054003.0,58541616669.0,1660701441418.0,,,462731536495,,1674335919096.0,,382430360018.0,,,,,24743977981996.0,27905525240833,16568753168985,19730300427822.0,,,,245989451844.0,22968032691682,5162685900519,19727550427822,14057681981618,2750000000.0,1775945290314,8373230770473,,6051076946319,1638474324623,2519515958397.0,,995606087754.0,2804530745720.0,2402158614704.0,,,223327627847.0,,,,906142681183.0,6387974897811.0,2021-Q1,44474278409818,44474278409818
7839874860000.0,,,,,,2266063078923.0,620955206480.0,,1405083502315,2750000000.0,,5587937422952,,2858901791270,2215419285080,7219727606116,7839874860000,,,,,87203093024.0,12062410192740.0,206407715175.0,6390630135723.0,872095321.0,,6080503078.0,,,620374857303.0,,,2859152779020.0,,,192096283.0,,,,,2373393296565,2469448583281,,-114991977963,,,463125962596,268314490280,,49713213411.0,380000000.0,459336196478,2902077617,135223776166,,1980817143237.0,,,,,,,45174624112.0,638912109901.0,1095369004232,,927787136286.0,12435918124269.0,,,,,-303299425471.0,,,197972680487.0,1999612928141.0,,,,920081410199.0,779777262789.0,-823760000.0,,,,93992225574.0,185532228683.0,,,,200000000.0,,,,41124555530.0,,,203229811570.0,459208893239.0,,,13497025190,,-54729173818.0,-626962878219.0,38492884032.0,64245054184.0,1962051574530.0,,,440634735853,,677796913413.0,,726345174792.0,,,,,23146723671078.0,25608346381474,16141090782024,18602713492420.0,,,,242872863326.0,22382164623421,4684867868361,18599963492420,12435918124269,2750000000.0,764559047657,8317998687965,,6263024543620,1290091524352,2373393296565.0,,934444320872.0,2605504854052.0,2401286855089.0,,,200034225027.0,,,,2340774781172.0,4049855354551.0,2020-Q4,41749437163498,41749437163498
7839874860000.0,,,,,,2283037199946.0,657711658110.0,,1375484867442,2750000000.0,,5144996812664,,2090063650030,2358776250450,6134425748719,7839874860000,,,,,87203093024.0,10256051493688.0,121528796721.0,5843096960248.0,8227915038.0,,7240953255.0,,,270406688697.0,,,3118599246246.0,,,192096283.0,,,,,2619085803954,1948005938987,,-79936690253,,,396225538416,226543345349,,49713213411.0,380000000.0,464970526451,3088289171,35295339091,,1910490057651.0,,,,,,,65152709806.0,544823684764.0,1101276533243,,922165806267.0,9990823495588.0,,,,,-303299425471.0,,,268083993726.0,1667238090981.0,,,,920081410199.0,793407834611.0,-823760000.0,,,,91149360800.0,21168790.0,,,,200000000.0,,,,111993252732.0,,,334832674369.0,529154815368.0,,,-9218848167,,-54729173818.0,-476454579005.0,143523188085.0,81086323539.0,1928160563279.0,,,330124830708,,753066378324.0,,402819217046.0,,,,,19576055665489.0,22473334313473,15284122357685,18181401005669.0,,,,371632861351.0,18551811881772,4306782189437,18178651005669,9990823495588,2750000000.0,1024243783717,7238790571133,,5930772737994,1295548177189,2619085803954.0,,949407713265.0,2529556438447.0,2318332539037.0,,,206724143763.0,,,,1770798347190.0,4072298613058.0,2020-Q3,37757456671158,37757456671158
7839874860000.0,,,,,,2291095492149.0,648377095553.0,,1375253714502,2750000000.0,,5005576254722,,2035189882156,2107172844328,6222257491428,7839874860000,,,,,87203093024.0,9571890414760.0,100526097313.0,5744686806612.0,8238522578.0,,7635747470.0,,,276812508948.0,,,2944452240481.0,,,192096283.0,,,,,2233265003791,2073281913565,,-75051102755,,,383308792651,176651765342,,49794213509.0,380000000.0,432212031129,2122993365,34303430067,,1890355276994.0,,,,,,,42198284566.0,463842484219.0,1141615795798,,865250071864.0,8823220085750.0,,,,,-304037034313.0,,,276042606836.0,1203886575748.0,,,,912977796599.0,769826846943.0,-823760000.0,,,,91148113400.0,,,,,,,,,71474299291.0,,,311628845936.0,522710577339.0,,,-19958864615,,-54729173818.0,-432907776281.0,126474179639.0,82801015777.0,1614462947541.0,,,342769607414,,803273190638.0,,489247068777.0,,,,,18009082670732.0,20974738294596,14938070369160,17903725993024.0,,,,348427785518.0,16991794634833,4180454757893,17900975993024,8823220085750,2750000000.0,1017288035899,7365996280591,,5803633693745,1300202611747,2233265003791.0,,867227145461.0,2451568314545.0,2325398922216.0,,,213414062499.0,,,,1625662750502.0,4119024056110.0,2020-Q2,35912808663756,35912808663756
6817504780000.0,,,,,,2323596176561.0,736072415840.0,,1285598030749,2750000000.0,,5475512786593,,2047129226600,2540183607656,6167742785461,6817504780000,,,,,102985531790.0,9110750395492.0,150972477717.0,6687411938813.0,,,7170086064.0,,,288905859163.0,,,2890445222074.0,,,192096283.0,,,,,2012880105534,1351321959771,,-75758167450,,,356641092429,184878995972,,49941441360.0,380000000.0,373805877604,2417060648,40271503113,,1976755263785.0,,,,,,,24079099823.0,339710363725.0,1161769003900,,912250071864.0,6943402877397.0,,,,,-309784634600.0,,,333311493155.0,656579582688.0,,,,765332464859.0,760834942407.0,-823760000.0,,,,84637936400.0,230160921124.0,,,,,,,,50585583044.0,,,300966311200.0,548475210208.0,,,-10209125709,,-54729173818.0,-373559994289.0,110910655259.0,43629999740.0,1709068403453.0,,,325350984284,,778966375255.0,,373932172137.0,,,,,16785979311456.0,19577485114153,14839183674775,17630689477471.0,,,,331255073782.0,15838154515551,3891505567427,17627939477471,6943402877397,2750000000.0,947824795905,7331928850009,,6587706294395,1209839863299,2012880105534.0,,945030511635.0,2579220701049.0,2363867679674.0,,,220031264727.0,,,,747105139041.0,5940306799772.0,2020-Q1,34416668788928,34416668788927
6783586880000.0,,,,,,2494699086503.0,694014932979.0,,1349958901393,2750000000.0,,5740489120848,,2678550720271,2613075178399,6294464984187,6783586880000,,,,,102985531790.0,7515958654008.0,168142079534.0,5999465426589.0,,,7773635329.0,,,547169583004.0,,,2835086436716.0,,,192096283.0,,,,,1650470873492,844580573334,,-65758167450,,,383562042162,175754512449,,75622928032.0,380000000.0,274825585395,2845085816,40251284363,,1912712694571.0,,,,,,,128100626941.0,545980191054.0,1193931643291,,893623994517.0,6777898508889.0,,,,,-309784634601.0,,,429317958549.0,1536027351242.0,,,,780914628944.0,495730160316.0,-823760000.0,,,,427917600.0,2717176861.0,,,,,,,,42777167223.0,,,275438562531.0,434621988684.0,,,-12302588093,,-54729173818.0,-361515614753.0,92105961472.0,66948430128.0,2091081179767.0,,,307526573229,,349769099942.0,,262162607300.0,,,,,16783930959035.0,19038081282518,14620661733724,16874812057207.0,,,,221517306313.0,16291312998786,3457655751733,16872062057207,6777898508889,2750000000.0,492617960249,7491241713294,,6520456215584,1284200733943,1650470873492.0,,997870072369.0,2496552054487.0,2534950370866.0,,,225929415272.0,,,,3233435854841.0,2766029571748.0,2019-Q4,33658743016242,33658743016242
6783586880000.0,,,,,,1788546498680.0,754311711208.0,,1491094975154,2750000000.0,,5586776779645,,2035447166969,2416994911003,5921194339384,6783586880000,,,,,87229090504.0,8217017165227.0,16370867880.0,5649074093096.0,,,8066849076.0,,,191132872699.0,,,2671305243641.0,,,192096283.0,,,,,1780992485408,813357242673,,-65922717201,,,374475950305,119707330514,,49465703201.0,,398988974061,3177472561,38988752556,,1880920418514.0,,,,,,,81114940156.0,449736383363.0,1260561424991,,893623994517.0,6305339416212.0,,,,,-295057034314.0,,,283478423283.0,938386722765.0,,,,777869243918.0,747756179527.0,-823760000.0,,,,27000000000.0,548229100.0,,,,,,,,72665278823.0,,,277675727104.0,543711556443.0,,,9119627402,,-54729173818.0,-297592168924.0,104802153243.0,47915602389.0,1870003255199.0,,,221554262398,,435530138322.0,,516195398530.0,,,,,16025694080600.0,18431909603327,13844914861433,16251130384160.0,,,,249946553286.0,15404437564853,3230352153676,16248380384160,6305339416212,2750000000.0,621256515747,7184933236936,,6515911793608,1425172257953,1780992485408.0,,955133981878.0,2479487378717.0,1827535251236.0,,,322019955850.0,,,,1699840258392.0,3949233834704.0,2019-Q3,32276824464760,32276824464760
6783586880000.0,,,,,,1354729415894.0,737160640080.0,,1580294933153,2750000000.0,,5397987665256,,2108353853968,2807554223819,5624076548664,6783586880000,,,,,87230268654.0,7273258811787.0,16036128457.0,5367190230972.0,,,8008336045.0,,,194565220334.0,,,2492378126833.0,,,192096283.0,,,,,1441726753683,273453137538,,-71744080952,,,504493867819,125997016773,,49465703201.0,,373533640166,2482141875,40254913575,,1783341048219.0,,,,,,,51909015346.0,365456144145.0,1287370903240,,847143994517.0,5892075944888.0,,,,,-282557034314.0,,,270618899526.0,777213901897.0,,,,786858519093.0,771550908554.0,-823760000.0,,,,,50781019440.0,,,,,,,,63709935692.0,,,168819882722.0,641278144375.0,,,15570456494,,-54729173818.0,-281295131218.0,104282436256.0,47905634871.0,1651086267511.0,,,221229437401,,278034243597.0,,406173423100.0,,,,,14570321210316.0,17849605068190,12526152004775,15805435862648.0,,,,114090708904.0,14116094162443,3081007361357,15802685862648,5892075944888,2750000000.0,454227047873,6913929593779,,6452904237545,1508550852201,1441726753683.0,,915066672199.0,2347928008422.0,1394984329469.0,,,313492610518.0,,,,1418008559550.0,3949181671422.0,2019-Q2,30375757072965,30375757072964
6136367720000.0,,,,,,998691329918.0,1014072327438.0,,1526103850227,2750000000.0,,4934992791272,,1742572404407,2130553810097,5371955089509,6136367720000,,,,,87229672044.0,6585118717633.0,23424670775.0,5912132278713.0,336241500.0,,7254628647.0,,,237357116334.0,,,2443815265047.0,,,192096283.0,,,,,1370823988622,547651027618,,-60615450031,,,627012826668,143417512671,,49465703201.0,,279126435406,2332698128,36810620517,,1722401264461.0,,,,,,,16945592352.0,293407629119.0,1316205133097,,,5727896026412.0,,,,,-257557034314.0,,,250557118894.0,541512365833.0,,,,670060405250.0,744057749193.0,-823760000.0,,,,79230653.0,925510658.0,,,,,,,,53259269353.0,,,180682775551.0,677417672483.0,,824643994517.0,5433265892,,-54729173818.0,-270528049495.0,98468688054.0,45476832702.0,1528205605447.0,,,226332643971,,346870919847.0,,341030136562.0,,,,,13215557898357.0,16918516176002,11829804916474,15532763194118.0,,,,126032832386.0,12709176054673,2678204837715,15530013194118,5727896026412,2750000000.0,506381843684,6690492920734,,5872491479218,1465488400196,1370823988622.0,,1174435432461.0,2289488224664.0,1035501950435.0,,,317464999633.0,,,,626304276321.0,5285828002392.0,2019-Q1,28748321092476,28748321092475
6136367720000.0,,,,,,988477952687.0,960963814812.0,,1401302666378,2750000000.0,,5561140201834,,2510848379420,2704220233385,5207125950106,6136367720000,,,,,87230283704.0,6603319589348.0,31354115546.0,5289520781802.0,335327364.0,,7857755298.0,,,452173917022.0,,,2301815230563.0,,,192096283.0,,,,,1174778083753,1222096064444,,-60615450031,,,418652248691,138812602015,,49465703201.0,,218427501076,3024593397,37229856110,,1676231689527.0,,,,,,,14655587559.0,384269739107.0,1303585034755,,793360844792.0,5567995714107.0,,,,,-267125884589.0,,,251954356007.0,1195445438205.0,,,,667035271273.0,841818881252.0,-823760000.0,,,,392794707.0,910049188.0,,,,,,,,46805654155.0,,,164124620038.0,656239850891.0,,,5539231746,,-54729173818.0,-264666908906.0,108962237984.0,46755636205.0,1610921248698.0,,,223908928276,,366793322852.0,,336615389409.0,,,,,14963120976839.0,18373436282759,11352494084645,14762809390565.0,,,,109788240927.0,14432174582903,3926316297829,14760059390565,5567995714107,2750000000.0,530946393936,6513735578258,,6424005050090,1340687216347,1174778083753.0,,1114432004386.0,2202466649730.0,1025707808797.0,,,326017723180.0,,,,1774039561834.0,3515481219968.0,2018-Q4,29725930367404,29725930367404
6136367720000.0,,,,,,892811476111.0,975412895475.0,,1548591192845,2750000000.0,161551680000.0,4528134142815,,1899540092890,2414203134665,4775652459126,6136367720000,,,,,87248317474.0,6716837131564.0,5040725678.0,4776113278181.0,337156047.0,,2210880475.0,,,169355751843.0,,,2292337007819.0,,,192096283.0,,,,,1114004513698,1567942000000,,-3347147115,,,611546728222,167530162696,,49465703201.0,,244173236292,2916435006,38261815886,,1584505840050.0,,,,,,,19396053560.0,307795291077.0,823284952903,,749521251289.0,5067136124622.0,,,,,-334019182244.0,,,302501200783.0,921464864946.0,,,,631969693052.0,876558995840.0,-823760000.0,,,,,,,,,,,,,144131901873.0,,,147947456296.0,874036723665.0,,,22286595244,,-54729173818.0,-244054518975.0,107084562160.0,22103359702.0,1457586563762.0,,,167094186985,,302022093735.0,,372252000760.0,,,,,13916060196857.0,17461655201328,10619213737485,14164808741956.0,,,,254769962478.0,13360081506284,3982145134665,14162058741956,5067136124622,2750000000.0,555978690573,5601853847035,,5704790784580,1545244045730,1114004513698.0,,1162339111731.0,2000007909095.0,931073291997.0,,,717504213182.0,,,,1214659596584.0,3561453681597.0,2018-Q3,28080868938813,28080868938813
6136367720000.0,,,,,,854881589772.0,940997401052.0,,1279505398922,2750000000.0,161551680000.0,4226917957363,,1618107863526,2414897073339,4583203024348,6136367720000,,,,,87230135824.0,5971944040829.0,5145730117.0,4670505451280.0,332481380.0,,2537768853.0,,,174161975906.0,,,2123891391702.0,,,192096283.0,,,,,975399987091,1645192940070,,-3347147115,,,576244037368,147367655647,,49465703201.0,,235001535974,3177674790,38473468015,,1498426522640.0,,,,,,,37482924362.0,243955140677.0,832386084490,,749364823537.0,4866280283759.0,,,,,-322475254491.0,,,320334466918.0,717908322257.0,,,,631969693052.0,968626938378.0,-823760000.0,,,,,,,,,,,,,83483091724.0,,,139573642808.0,860480152541.0,,,17135477127,,-54729173818.0,-213179482425.0,7499794396.0,22992601562.0,1329507438427.0,,,167077476888,,404863295760.0,,273073631807.0,,,,,12400576249250.0,16757931160407,9528214377917,13885569289074.0,,,,246396148990.0,11901667720854,4060090013409,13882819289074,4866280283759,2750000000.0,498908528396,5418766783628,,5429554630371,1276158251807,975399987091.0,,1125847981061.0,1925316091686.0,893355057787.0,,,68980308735.0,,,,1103296067984.0,3567209383296.0,2018-Q2,26286145538324,26286145538324
5309611050000.0,,,,,,822692250912.0,879062494371.0,,1184516592782,2750000000.0,161551680000.0,4294239451525,,1619004057743,1543897642209,4541394101405,5309611050000,,,,,87231276674.0,4993557964115.0,5390121823.0,6019674680916.0,2864161020.0,,2829268096.0,,,223076342833.0,,,1954162280226.0,,,192096283.0,,,,,970306572989,1532246764762,,-3347147115,,40000000000.0,650265625121,151913612547,,49465703201.0,,277095606491,3495231807,39306334622,,1411807900711.0,,,,,,,94914468583.0,200483212608.0,645045142248,,749294842700.0,4798538245584.0,,,,,-311017773655.0,,,397506401676.0,650692627199.0,,,,287829523052.0,596563173742.0,-823760000.0,,,,,,,,,,,,,48843957931.0,,,140394461510.0,936916307722.0,,,16226773656,,-54729173818.0,-196122158912.0,407510920.0,20401408500.0,1275503032848.0,,,173708814233,,491988687629.0,,289020263287.0,,,,,11111083511698.0,15891378282225,9119541571431,13899836341958.0,,,,247216967692.0,10523957829819,3076144406971,13897086341958,4798538245584,2750000000.0,587125681879,5189934475460,,5709635608502,1181169445667,970306572989.0,,1125890575501.0,1850084969756.0,861998585534.0,,,,,,,509013722111.0,5510660958805.0,2018-Q1,25010919853656,25010919853656
5309611050000.0,,,,,,812192797375.0,759958005740.0,,1006126622804,2750000000.0,161551680000.0,5044867856718,,2294193681352,1886422216827,4602651213247,5309611050000,,,,,87230351424.0,4116988708324.0,6051424047.0,5507402652308.0,2853492585.0,,3378507298.0,,,326174787726.0,,,1809385579397.0,,,192096283.0,,,,,805559896217,1594224296068,,-3831528933,,40000000000.0,561261495876,156736254187,,49465703201.0,,95942796039,3656116414,60434405941,,1337458410712.0,,,,,,,111743332877.0,321537736421.0,658135845974,,749259852282.0,4379446212073.0,,,,,-299595283237.0,,,431581193340.0,829188594250.0,,,,287829523052.0,918852771526.0,-823760000.0,,,,,,,,,,,,,47796539629.0,,,135643533423.0,770305548978.0,,,10084320702,,-54729173818.0,-180518797387.0,1525469921.0,20380725175.0,1295200401169.0,,,172002871735,,565209817637.0,,439498762823.0,,,,,11790285012042.0,16053004009331,8972219294530,13234938291819.0,,,,242466039605.0,11129329088689,3480646512895,13232188291819,4379446212073,2750000000.0,660955923353,5264443175635,,6162178597688,1002295093871,805559896217.0,,1028437592804.0,1787122979757.0,872627203316.0,,,,,,,2184316455580.0,3323086196728.0,2017-Q4,25025223303861,25025223303861
5309611050000.0,,,,,100306131140.0,1004747975953.0,854958251653.0,,4439874335978,2750000000.0,161551680000.0,5596053916213,,3300079093398,2326716877273,4312300652250,5309611050000,,,,,87230025354.0,7916804619692.0,6927612385.0,4930835458165.0,3446138880.0,,3154557502.0,,,86265329378.0,,,2403256247224.0,,,192096283.0,,,,,736657752016,2897486010023,,-45501702245,,40000000000.0,605986311096,383579022032,,49465703201.0,,509660848671,3571371949,74613637072,,306433317342.0,,,,,,,114273670489.0,438247508197.0,590037542654,,749270143582.0,3477767956792.0,,,,,-275454894270.0,,,406532304064.0,702307182659.0,,,,119453610000.0,687545069538.0,-823760000.0,,,,,,,,,5124829040.0,,,,67076467326.0,,,211226543616.0,1023668002547.0,,,3053974893,,-53700828228.0,-218048230826.0,111123175949.0,42344283532.0,1369663229083.0,,,128954169510,,666028478383.0,,612729485152.0,,,,,16659920638433.0,21767021262664,7926685854116,13033786478347.0,,,,319077395388.0,15768899724110,5224202887296,13031036478347,3477767956792,2750000000.0,891020914323,4905909566853,,7317866840669,4394372633733,836963883156.0,,1352810944174.0,785373395694.0,1079361613025.0,,,,,,,1554254855248.0,3376580602917.0,2017-Q3,29693707116780,29693707116780
5309611050000.0,,,,,77732439710.0,962421353612.0,811372551157.0,,4232635876808,2750000000.0,161551680000.0,4998052898544,,2969928091412,2141101193725,4347930503809,5309611050000,,,,,87229123754.0,7887844050852.0,5729399330.0,4309032623346.0,3447393990.0,,5866018360.0,,,85992983053.0,,,2144162072539.0,,,192096283.0,,,,,849060798644,2436860309176,,-54233686312,,37000000000.0,547311184469,358586393835,,49465703201.0,,503241685841,2978733181,78711329901,,301502449387.0,,,,,,,117397271084.0,243459899822.0,399687140980,,751374260101.0,3361115859529.0,,,,,-256929354570.0,,,411845927352.0,594806784514.0,,,,119453610000.0,672092308294.0,-823760000.0,,,,,,,,,,,,,34053824384.0,,,202563920646.0,1095361468050.0,,,-173179759,,-53700828228.0,-192418246993.0,109439856131.0,33832474147.0,1242897628687.0,,,129518486984,,967277281663.0,,454406923512.0,,,,,15895578198903.0,20220919501796,7824884427173,12150225730065.0,,,,310414772418.0,14738301728092,4577961502901,12147475730065,3361115859529,2750000000.0,1157276470811,4750596377970,,6816083732794,4178402190496,926793238354.0,,1287356216076.0,795947354918.0,1041132683513.0,,,,,,,924585572324.0,3384447051022.0,2017-Q2,28045803928969,28045803928968
4594266840000.0,,,,,50203400168.0,960396905053.0,762101695894.0,,4892326445708,2750000000.0,242327520000.0,4599370823639,,2363662978789,1574048600333,4053194361429,4594266840000,,,,,87227503294.0,8894176678529.0,7002634497.0,5019457117921.0,496616890.0,,5131557953.0,,,132887507096.0,,,2029550890382.0,,,192096283.0,,,,,966375841994,2461862804676,,-57258863395,,34000000000.0,574341969779,382252684590,,49465703201.0,,438780412556,2804850161,89398425050,,299993063403.0,18830163726.0,492042609637.0,,,,,126392370243.0,215496043230.0,416327935106,,752562393141.0,4208375623745.0,,,,,-238241628838.0,,,,367317703340.0,,,,56882670000.0,684222128754.0,-823760000.0,,,,,,,,,,,,,,,,197384011719.0,545396705828.0,,,11068007864,,-53700828228.0,-160790774139.0,110516438097.0,28859625838.0,1219993113660.0,,,130632143747,,1018757872462.0,,347565144141.0,,,,,16023450273064.0,20264901139315,7739026250158,11980477116409.0,,,,386010703491.0,14835525527653,4035911405009,11977727116409,4208375623745,2750000000.0,1187924745411,4472327146696,,5914799777521,4835067582313,1016579242162.0,,1270746750727.0,814313827706.0,1049795330103.0,,,,,,,412899887330.0,4606557230591.0,2017-Q1,28003927389473,28003927389473
4594266840000.0,,,,,14238138008.0,1007526108358.0,702763037416.0,,4595745337778,2750000000.0,242327520000.0,5015083511889,,3860660694971,2707946518879,4122467667043,4594266840000,,,,,87227200764.0,9175453147807.0,7733835968.0,4671222532503.0,1666814550.0,,5610537467.0,,,318900001812.0,,,1922952382942.0,,,192096283.0,,,,,991387548029,2822684818514,,-63221663567,,54229591822.0,619738720597,402919823734,,49465703201.0,,614622803831,2463716693,89362107602,,289799251298.0,,,,,,,123021667864.0,342800942220.0,456220888149,,756802393141.0,3975682395024.0,,,,,-241923675167.0,,,621152412137.0,811026908156.0,,,,,578923681455.0,-823760000.0,,,,,,,,,784040530.0,,,,12305331089.0,,,152655954811.0,878266508809.0,,,-5875468099,,-53700828228.0,-314623794378.0,154480926556.0,20610561286.0,1365723512818.0,,,126825173804,,764018642492.0,,370367655734.0,,,,,18464443603083.0,22082043377930,7830410830267,11448010605115.0,,,,341282646583.0,17471939662824,5530631337393,11445260605115,3975682395024,2750000000.0,992503940259,4581152271885,,6814501442288,4532523674211,1005625686037.0,,1228704529014.0,805462009802.0,1096888215960.0,,,,,,,1531298270391.0,3139924262112.0,2016-Q4,29912454208197,29912454208198
4594266840000.0,,,,,14164294633.0,913512661074.0,674460444070.0,,4564524570864,2750000000.0,242327520000.0,4536924741210,,3143404807946,1956900471273,4165015465973,4594266840000,,,,,87228123064.0,7732115769330.0,12016384632.0,4250545485178.0,,,6458318999.0,,,90586406986.0,,,1904655208078.0,,,192096283.0,,,,,909877501036,2718550372468,,-99451971406,,54260013733.0,491707613042,290490561487,,49465703201.0,,517158761716,2596467369,82405801146,,283225326745.0,,,,,,,120480397496.0,222042323429.0,304947285605,,683430917721.0,2907899775232.0,,,,,-218948720604.0,,,457237639932.0,417767704005.0,,,,,573123253143.0,-823760000.0,,,,,,,,,,,,,75639599835.0,,,155282077297.0,582616034332.0,,,6848324281,,-53700828228.0,-314000035077.0,153959774751.0,30727871721.0,1241832663185.0,,,68353080804,,797143763677.0,,391660164061.0,,,,,15434638528758.0,18913791763597,7484135769767,10963289004606.0,,,,343908769069.0,14346984961480,4675450843741,10960539004606,2907899775232,2750000000.0,1087653567278,4472559218947,,5779937142113,4465072599458,924041795669.0,,1085431403053.0,747707523862.0,995918462220.0,,,,,,,870160125067.0,3380385360112.0,2016-Q3,26397927533364,26397927533364
4594266840000.0,,,,,14160749733.0,896082789432.0,743512083028.0,2736219157412.0,4774409637783,2750000000.0,242327520000.0,4242145217252,,2519575997154,1557235903894,4182577930935,4594266840000,,,,,87228024484.0,7461561358475.0,8432451605.0,4249998740248.0,,,6487230040.0,,,110041663282.0,,,1840324148307.0,,,192096283.0,,,,,868317053565,2318307314045,,-80745055569,,54000000000.0,462307513060,386652180577,,49465703201.0,,387447591247,2692353405,175290217277,,276930524506.0,,,,,,,23547574538.0,189225586455.0,300714301594,,,,,,,,-191794880760.0,,,458676063320.0,368340669423.0,,,,,602456088552.0,-823760000.0,,,,,,,,,,,,,55917924570.0,,,175747621014.0,555974157952.0,,653932954088.0,12637304288,,-53850828228.0,-302005149151.0,157372178718.0,18226516154.0,1246781398098.0,,,74545823741,,854443052022.0,,318750434730.0,,,,,14434112158621.0,17801376676328,7543128306561,10910392824269.0,,,,364224312786.0,13305699676988,3875543217939,10907642824269,2736219157412,2750000000.0,1128412481633,4485984585934,,5342237880620,4693664582214,882477803298.0,,1153711838143.0,739068597834.0,1071373006709.0,,,,,,,861693140339.0,3388305599910.0,2016-Q2,25344504982889,25344504982890
3975316400000.0,,,,,14158968733.0,863111812153.0,751323579952.0,,5167886929063,2750000000.0,242327520000.0,3821029937336,,2573113257527,1522991519061,4079925527837,3975316400000,,,,,87228518204.0,7381113092311.0,17316185569.0,4732993382785.0,,,6447202405.0,,,147931812472.0,,,1708194645592.0,,,192096283.0,,,,,762448200910,1906958766128,,-79298649076,,54000000000.0,448010225764,989512419762,,49465703201.0,,239367055862,2402260491,164887326527,,276850648326.0,,,,,,,23779476538.0,173493229214.0,304027227627,,586335847019.0,2223028355804.0,,,,,-175245216078.0,,,493711275286.0,343062786684.0,,,,,503916297200.0,-823760000.0,,,,,,,,,,,,,84412721697.0,,,166415493041.0,691976469939.0,15096905994.0,,8464138254,,-53850828228.0,-290608560508.0,167631847592.0,,1023421987098.0,,,79481602212,,791606072465.0,,321617012984.0,,,,,14052382733259.0,17461658575147,7233794788358,10643070630248.0,,,,354892184813.0,12948092792817,3429950285189,10640320630248,2223028355804,2750000000.0,1104289940442,4386355015955,,4955476177915,5088588279987,776607169643.0,,1764615476252.0,687941279267.0,1027999138680.0,,,,,,,345690044702.0,4387303338083.0,2016-Q1,24695453363505,24695453363507
3975316400000.0,,,,,,791017761199.0,841035070964.0,,5342839679944,2750000000.0,,4523322427821,,2823393146909,1879394384865,4010358393448,3975316400000,,,,,87227790014.0,8124598534499.0,16952179257.0,4386921053111.0,,,6604964350.0,,,318157216447.0,,,1592194992858.0,,,192096283.0,,,,,630307838143,1705314766903,,-63932037142,,54207388091.0,410040018332,1104305492380,,49465703201.0,,245703622820,1737003927,216669723781,,271434002318.0,293604497.0,,,,,,20439592032.0,318284707988.0,319114014810,,610236272675.0,2659240824447.0,,,,,-191789484458.0,,,714970338348.0,728142310245.0,,,,,582507615119.0,-823760000.0,,,,,,,,,,,,,78529850150.0,,,168590091636.0,518947894270.0,,,5436409370,,-53850828228.0,-282202226182.0,178990063486.0,12916413403.0,1292433907853.0,,,79748336612,,681199048432.0,,177524630215.0,,,,,15804967695556.0,19209379831470,6773824789251,10178236925166.0,,,,114739263408.0,14804950680267,3584709151768,10175486925166,2659240824447,2750000000.0,1000017015289,4331209412185,,5720742057077,5278907642802,630307838143.0,,1965780155376.0,689880790535.0,1007687484980.0,,,,,,,463515364670.0,3923405688441.0,2015-Q4,25983204620721,25983204620722
3975316400000.0,,,,,,707275398374.0,708889715131.0,1922051251296.0,4794388751194,2750000000.0,,3772439435248,,2691553729812,1288273331126,3937577119631,3975316400000,,,,,,7123584157075.0,30478770511.0,4260207462217.0,,,12905000.0,,,93498644231.0,,,1537494021384.0,,,192096283.0,,,87228513544.0,,547824777839,1727419522069,-9405497120.0,-56200505483,,,616530102872,1063082406624,,49465703201.0,,564233292270,1838546670,151098801455,,264108180666.0,,,,,,,13681331246.0,187141691131.0,290549735653,,,,,,,,-174294925429.0,,,800538114694.0,326067036808.0,,,112288107055.0,,540845247915.0,-823760000.0,,,,,,,,96873244761.0,,,,,,,,,490253102135.0,,695530614297.0,-18244295014,,,-349031476095.0,179275805173.0,22255792859.0,1179882885972.0,,,78776566683,,519455092705.0,,194216981648.0,,,,,13704990939995.0,16827486019096,6849675532914,9972170612015.0,,,,,13006055040834,3015692853195,9969420612015,1912645754176,2750000000.0,698935899161,4229965401954,,5278432468252,4738188245711,547824777839.0,,1882526697762.0,785343869534.0,970662306884.0,,,315879176703.0,,,,,,2015-Q3,23677161552010,23677161552010
3975316400000.0,,,,,,624616478052.0,686789378296.0,1253282931296.0,4886284578114,2750000000.0,,3812638923504,,3313335171460,1489000786028,3574444239375,3975316400000,,,,,,6203353547591.0,31939141001.0,4301117961403.0,,,12905000.0,,,100906489193.0,,,1440139812996.0,,,192096283.0,,,87203093024.0,,500322434680,1502139843433,-9405497120.0,-76041676406,,,574130962313,987324750850,,49465703201.0,,575037755766,1633004965,144281032249,,258035878013.0,,,,,,,19969088786.0,171259426124.0,302681291326,,,,,,,,-165529898911.0,,,701368276803.0,326860841758.0,,,83459630315.0,,416229528571.0,-823760000.0,,,,,,,,115414392136.0,,,,,,,,,625476359405.0,,695254807470.0,-10534615735,,,-328515382719.0,180453477923.0,17655440893.0,1021791803739.0,,,79577834395,,137329926616.0,,161943150640.0,,,,,12657393909105.0,16240764508172,6340841830217,9924212429284.0,,,,,12339405503283,2991140629461,9921462429284,1243877434176,2750000000.0,317988405822,3878758535666,,5386005932759,4810242901708,500322434680.0,,1809497610068.0,787760786572.0,852357140616.0,,,321642932683.0,,,,,,2015-Q2,22581606338389,22581606338389
3439766000000.0,0.0,0.0,,,0.0,533631265450.0,626618116828.0,0.0,4904241036142,2750000000.0,2937569818.0,3552631091132,0.0,2409729825366,1883475997895,3156778728319,3439766000000,0.0,0.0,,,87203093024.0,6745213941326.0,37166516758.0,4708239743575.0,22374562308.0,,12905000.0,,0.0,126844415275.0,,,0.0,0.0,,192096285.0,0.0,0.0,0.0,,536053403893,2111577831077,0.0,-66752294977,0.0,54000000000.0,607423352524,974306362930,,49465703201.0,200000000.0,737651388801,1746009518,158483996374,,258318068882.0,1973149253.0,0.0,,0.0,0.0,,46960819916.0,158328171940.0,297976341516,0.0,698151894475.0,899876331275.0,,0.0,,,-158425926384.0,0.0,,521284133084.0,178527039249.0,0.0,,62669105469.0,0.0,430595462295.0,-823760000.0,,,,0.0,0.0,,0.0,32867657464.0,0.0,,,0.0,57655454273.0,,,64824149455.0,349073082114.0,0.0,0.0,12990177425,,-54541652250.0,-253961004431.0,211132115186.0,13385373041.0,925515828125.0,,,81269289338,0.0,171743031342.0,,210754546079.0,0.0,,0.0,,12362567785625.0,16319850549250,5886209643198,8380860246563.0,1462632160260.0,,,13420067023.0,11843484471978,3995053828972,8378110246563,899876331275,2750000000.0,519083313647,3456501079353,0.0,4906678690700,4837488741165,536053403893.0,,1680752957138.0,798044036973.0,754784367293.0,,,327406688663.0,,0.0,0.0,0.0,0.0,2015-Q1,22206060192448,22206060192448.0
,,,,,,523437534683.0,592435044749.0,1484160161296.0,4652333244983,2750000000.0,,4005225417438,,3018857084191,2072206319316,2998002341729,3439766000000,,,,,,6722412217259.0,32252745918.0,4264798328686.0,1263188007.0,,12905000.0,,,209216273528.0,,,,,,192096283.0,,,87203093024.0,,537241674698,2230808128453,-9405497120.0,-79697060843,,,478420174874,921625024678,,49465703201.0,,400189196061,740441475,135570189513,,251078173392.0,,,,,,,33743686340.0,257200364570.0,301803730735,,,,,,,,-157744965065.0,,,522982860079.0,655876775648.0,,,71299080943.0,,509462000293.0,-823760000.0,,,,,,,,31785859896.0,,,,,,,,,398974462553.0,,703175738859.0,-12569673745,,,-295455551048.0,198449132073.0,15756096426.0,1004752580262.0,,,79400040851,,142418459294.0,,158680140519.0,,,,,13405222234145.0,16961911296831,5697774385606,7909989732017.0,1344473716274.0,,,,13062886453488,4303014447769,7907239732017,1474754664176,2750000000.0,342335780657,3837788188637,,5031916385083,4572636184140,,,1579589615663.0,796508947186.0,730306805139.0,,,333170444644.0,,,,,,2014-Q4,22659685682437,22659685682436
,,,,,,501582942504.0,420382532437.0,730927466251.0,4009497638751,2750000000.0,,3789479550669,,2785793947429,1690109803136,2519602194387,3439766000000,,,,,87203093024.0,5139562464489.0,20599301721.0,3973441621590.0,1104932003.0,,12905000.0,,,7165961081.0,,,,,,192096283.0,,,,,563585951631,2416663671950,-9405497120.0,-26952214474,,,639669770180,820779020481,,49465703201.0,,413195395283,841256822,133301775456,,240222425544.0,,,,,,,12039414804.0,168880285103.0,264871841795,,,,,,,,-182280469855.0,,,421606140708.0,399004343185.0,,,63597245009.0,,455939109561.0,-823760000.0,,,,,,,,51790646591.0,,,,,,,,1109764525.0,384941410404.0,,658779251996.0,-11956327535,,,-277696976302.0,206018921457.0,15414926749.0,858644452183.0,,,88984798522,,109847759172.0,,180009002921.0,,,,,10987860178517.0,14847358003569,5098384624458,7628831128802.0,1329051320706.0,,,1109764525.0,10670683564602,4106773475086,7626081128802,721521969131,2750000000.0,317176613915,3348901244635,,4731525520762,3982545424277,,,1304991614313.0,716721207685.0,698481962969.0,,,333170444644.0,,,,,,2014-Q3,19945742628027,19945742628025
,,,,,,550349959522.0,253751390550.0,1178824216251.0,3598778861526,2750000000.0,,3555280762689,,2309476190654,1117153018502,2606239317936,3439766000000,,,,,,3851104121850.0,34734772080.0,3893405602507.0,1104932003.0,,12905000.0,,,24861599897.0,,,,,,214547057.0,,,114943857509.0,,485000121306,1275309275450,-9405497120.0,-22807750784,,,534104748878,826832399601,,49465703201.0,,334804075137,968057029,117512325893,,232339447429.0,,,,,,,11330025833.0,154928451773.0,272775876780,,,,,,,,-182293724410.0,,,403941821040.0,312327346687.0,,,59325094651.0,,443735615501.0,-823760000.0,,,,,,,,50630093906.0,,,,,,,,1109764525.0,421434390467.0,,662196137428.0,2708993642,,,-266485559207.0,198949388463.0,7158490357.0,759222206404.0,,,85601157710,,84199226418.0,,169070295328.0,,,,,8885204838350.0,12729371523841,5037030653242,7587817554569.0,1293379784164.0,,,1109764525.0,8600723839409,2392462293952,7585067554569,1169418719131,2750000000.0,284480998941,3364983373051,,4448975490126,3575971110742,,,1142543909890.0,712241860447.0,727187380066.0,,,231508275153.0,,,,,,2014-Q2,17766402177083,17766402177083
,0.0,0.0,,,,507135685882.0,195570589348.0,871224707113.0,3528270509274,2750000000.0,0.0,3359840501543,0.0,1705597502476,1326966272755,2318302259026,2752017550000,0.0,,,,114943857509.0,4387939070610.0,39168575518.0,4566890880858.0,0.0,,12905000.0,,0.0,149268020797.0,,,,,,219569259.0,0.0,0.0,0.0,,571355806826,1796082726353,-9405497120.0,-17614076999,0.0,,504458122882,778715704056,,49465703201.0,,328895497833,521235948,108635272587,,233663968770.0,,0.0,,,,,10073920566.0,134183232721.0,268782727548,0.0,,,,0.0,,,-182266062730.0,0.0,,332628344349.0,172756213977.0,,,56439658725.0,0.0,397121576647.0,-823760000.0,,,,,,,0.0,39638216995.0,,,,0.0,0.0,,,1109764525.0,380891868406.0,0.0,662559886406.0,6150539779,,0.0,-253279290326.0,193465760317.0,9451999498.0,688334123960.0,,,82608208245,,103542976927.0,,224600076499.0,0.0,,,,8710119727088.0,12668499994146,4777748478666,7574002979592.0,1162125766132.0,,,1109764525.0,8412878515585,3123048999108,7571252979592,861819209993,2750000000.0,297241211503,3158962029348,0.0,4148976921805,3510656432275,,,1023998430965.0,713957792446.0,672210617194.0,,,231508275153.0,,0.0,,,,2014-Q1,17446248472812,17446248472812.0
,,,,,,511711029489.0,178529969119.0,1691854862041.0,3407798509666,2750000000.0,,3688999298466,,2246279098459,1426911070762,2263586993603,2752017550000,,,,,,4128330419004.0,52496233059.0,4199929897218.0,2213766612.0,,12905000.0,,,211131680402.0,,,,,,272156026.0,,,114943857509.0,,539102696805,1060278211810,-9405497120.0,-24924631429,,,374759654082,757073611102,,49465703201.0,,199630390710,545870029,104527730702,,225525036285.0,,,,,,,10025030013.0,195358182081.0,250340249685,,,,,,,,-182266639015.0,,,419888616854.0,506482831093.0,,,54042150152.0,,447646454864.0,-823760000.0,,,,,,,,27609020471.0,,,,,,,,1212664525.0,360624122843.0,,663468944666.0,12705698642,,,-240271697952.0,191130136496.0,28377082233.0,712713453938.0,,,78666938875,,93710165255.0,,172163501647.0,,,,,9363077720251.0,12954620887356,4663305002079,7209655885445.0,1045192283739.0,,,1212664525.0,9075738590862,2487189282572,7206905885445,1682449364921,2750000000.0,287339129389,3053575810122,,4428870730921,3382873878237,,,973237630705.0,706727341936.0,670280910343.0,,,231508275153.0,,,,,,2013-Q4,17617925889435,17617925889435
,,,,,,407484621863.0,158405211603.0,1219935726051.0,2856653454123,2750000000.0,,3281623747888,,1627928726941,1163063504309,2095842103988,2752017550000,,,,,114943857508.0,3569694650987.0,33281293278.0,3902593145403.0,,,12905000.0,,,-1516768930.0,,,,,,459173690.0,,,,,575544783384,1128948213038,-15750621754.0,-18208972395,,,504615008416,667442176882,,49465703201.0,,315728309171,244884619,95541307720,,218723297308.0,,,,,,,10545861299.0,165444916835.0,267989644426,,,,,,,,-168432701935.0,,,306654683710.0,231173154770.0,,,50120354330.0,,323597538252.0,-823760000.0,,,,,,,,33800208658.0,,,,,,,,1235264525.0,388546404850.0,,663475119446.0,16059295035,,,-227603451412.0,194530445135.0,4808340141.0,606041511349.0,,,67103009261,,86430121456.0,,313619038023.0,,,,,7660120055343.0,11269784456021,4439276954827,6904108800408.0,1144832555097.0,,,1235264525.0,7378687410062,2292011717347,6901358800408,1204185104297,2750000000.0,281432645281,2939621416417,,4064949694207,2838444481728,,,870193458442.0,713765714819.0,553146283913.0,,,231508275153.0,,,,,,2013-Q3,15709061410848,15709061410848
,,,,,,384147569881.0,136722822364.0,1372690179936.0,3036100467433,2750000000.0,,3163603461990,,1693953118881,1332411694935,1993873825909,2752017550000,,,,,,3475762416400.0,25387053914.0,3987762587400.0,,,12905000.0,,,11369710907.0,,,,,,1190422334.0,,,114943857509.0,,539051292758,823600159532,-15750621754.0,-28219147992,,,341586970541,668235619563,,49465703201.0,,289800517767,264516657,87386419513,,215394259411.0,,,,,,,10250884895.0,269104863512.0,265163548099,,,,,,,,-168138321954.0,,,275083118883.0,197389101049.0,,,51056377602.0,,306490771236.0,-823760000.0,,,,,,,,42746703764.0,,,,,,,,1245084775.0,379680278371.0,,663508051604.0,16598602589,,,-212877808704.0,208867029985.0,5014916373.0,481217507245.0,,,67103009261,,48051359386.0,,362692654028.0,,,,,7428090800791.0,11274078330983,4249318985038,6989817549960.0,1105488965270.0,,,1245084775.0,7169969084086,2156011854467,6987067549960,1356939558182,2750000000.0,258121716705,2798353183423,,3895289568307,3007881319441,,,857956030586.0,710763989061.0,522590366996.0,,,216366360783.0,,,,,,2013-Q2,15523397316021,15523397316021
,,,,,,351902166157.0,123405716475.0,827666173707.0,3016025003643,2750000000.0,,2697175378113,,1521211612556,828866720526,1927558720975,2738488330000,,,,,115477144855.0,2830896536799.0,23881939006.0,3539635192653.0,,,12905000.0,,,102365607648.0,,,,,,1341873564.0,,,,,551241593554,1099337642179,-15606621754.0,-8575337201,,,380051351636,616464492514,,49465703201.0,,323823713352,582473293,80419015913,,210049184562.0,,,,,,,11246620760.0,238287095377.0,265412084379,,,,,,,,-163036520589.0,,,246840513598.0,118027068145.0,,,47235498253.0,,303557555112.0,-811900000.0,,,,,,,,30132492958.0,,,,,,,,1245084775.0,307468444963.0,,663401022090.0,16730506683,,,-197632766246.0,206592873054.0,5368313177.0,401050319525.0,,,67103009261,,30916960753.0,,360435548866.0,,,,,6523997560218.0,9906638187587,4152376684145,6528837986653.0,1006179324861.0,,,1245084775.0,6285132947847,1928204362705,6526087986653,812059551953,2750000000.0,238864612371,2744794872201,,3377675283780,3007449666442,,,781249322707.0,710413686063.0,479556680323.0,,,216366360783.0,,,,,,2013-Q1,14059014871732,14059014871732
,,,,,,336801221991.0,114530446202.0,700845664572.0,2717672501225,2750000000.0,,3229966309368,,1842697218044,1456621011901,1806909797593,2738488330000,,,,,,2857648639731.0,24077425262.0,3181190605585.0,,,59711127.0,,,234719440517.0,,,,,,1775809034.0,5323260.0,,115477144855.0,,540996358701,829563881536,-15606621754.0,-10792414492,,,359171410200,621883774582,,49465703201.0,,236795775564,645973398,76863122210,,210440925092.0,,,,,,,11090457959.0,294060849275.0,269109800119,,,,,,,,-177513107786.0,,,272484692839.0,209775042199.0,,,42521644647.0,,345541841485.0,-794340000.0,,,,,,,,22595497554.0,,,,,,,,1434084775.0,275556557815.0,,663707798632.0,27959758134,,,-181027027206.0,271774167660.0,6475957808.0,396310115409.0,,,67103009261,,21804643161.0,,328627381236.0,,,,,7194524975408.0,10282180507665,3988283980155,6181640211036.0,894299301375.0,,,1434084775.0,6899105321166,2286184893437,6178890211036,685239042818,2750000000.0,295419654242,2617661929811,,3833776308380,2706880086733,,,770100176297.0,696635615938.0,456185988848.0,,,216366360783.0,,,,,,2012-Q4,14270464487820,14270464487819
,,,,,,289925352982.0,112260419225.0,1499491238247.0,2637475649762,2750000000.0,,2505943014375,,1285773627009,1096474430729,1521166757306,2738488330000,,,,,,3922799065907.0,11136945668.0,3202230681529.0,7075809690.0,,248086398.0,,,32890268080.0,,,,,,32026079283.0,1424957816.0,0.0,146466256648.0,,400619250384,1696813555805,,-14482909192,,,350231218771,560026625492,,49465284471.0,,306102428851,724229981,62879847205,,225044121840.0,,,,,,,11622502103.0,261803327594.0,279164035248,,,,,,,,-39056547120.0,0.0,,285036670331.0,113833055494.0,,,39646385934.0,,450622400043.0,-746350000.0,,,,,,,,98969691226.0,,,,,,,,1028639950.0,369483155788.0,,656531174209.0,13949286274,,,-127241924138.0,260278366558.0,71743295589.0,234237348725.0,,,103009261,,471410293.0,,484299441494.0,,,,,7520894704412.0,11037974548604,3654039608702,6152706498183.0,1018412954711.0,,,1028639950.0,7219369994374,2793287986534,6149956498183,1499491238247,2750000000.0,301524710038,2201674272919,,3339323345207,2622992740570,,,782879238046.0,842518748929.0,392451586121.0,,,216366360783.0,,,,,,2012-Q3,14692014157306,14692014157306
,,,,,,286031485822.0,110417738398.0,1590122215770.0,3091336481620,2750000000.0,,2449928450229,,914837660417,800283072110,1551623907023,2738488330000,,,,,,4295519891715.0,15594952530.0,3137826546005.0,578614961.0,,455851468.0,,,49936124988.0,,,,,,32468445802.0,1419737516.0,0.0,146450005902.0,,352562552619,1285301739998,,-21972681767,,,385724377461,529226113770,,49465284471.0,,305295943287,510547733,63872287820,,223885671395.0,,,,,,,15214903433.0,214127157154.0,264861615977,,,,,,,,-35397629436.0,0.0,,264054761503.0,183600634090.0,,,35605119880.0,,317070872207.0,-646220000.0,,,,,,,,69619374079.0,,,,,,,,1028639950.0,416969435311.0,,656100921546.0,14846018519,,,-118236592675.0,238565799658.0,72181879159.0,225263334835.0,,,103009261,,210840306.0,,391635224043.0,,,,,7339191398310.0,10787560955066,3617051481112,6089282974158.0,976138063710.0,,,1028639950.0,7065492108599,2085584812108,6086532974158,1590122215770,2750000000.0,273699289711,2169558623352,,3318011997655,3069363799853,,,724478129680.0,844588963505.0,385508893522.0,,,216366360783.0,,,,,,2012-Q2,14404612436178,14404612436178
,0.0,0.0,,,,273277600844.0,95406394744.0,879619795330.0,3383839053363,2750000000.0,0.0,2636464946641,0.0,1442801794617,814844995981,1442851847145,2160826760000,0.0,,,,115482623640.0,4017345833561.0,20319491659.0,3514044543983.0,1848413023.0,,557179639.0,,0.0,75182889666.0,,,,,,32906003991.0,1425585716.0,0.0,0.0,,443462871050,1362307389928,0.0,-22337708495,0.0,,338894192157,439848064438,,49546879484.0,,421722604719,540048491,65254994939,,222023682495.0,,0.0,,,,,24787177470.0,222339416363.0,272844344480,0.0,,,,0.0,,,-15141832672.0,0.0,,206133803552.0,89900923793.0,,,38802209976.0,0.0,316996295510.0,-557990000.0,,,,,,,0.0,156387642888.0,,,,0.0,0.0,,,1028639950.0,372661196048.0,0.0,654681421546.0,16301766742,,0.0,-115086710484.0,220854151667.0,24464062190.0,223389186851.0,,,103009261,,228118427.0,,485891322677.0,0.0,,,,7515344861507.0,10656598646123,3615992189027,5858497593110.0,898748380533.0,,,1028639950.0,7257525409044,2177152385909,5855747593110,879619795330,2750000000.0,257819452463,2159699111166,0.0,3521895840476,3361501344868,,,716429279540.0,861563271369.0,377334805759.0,,,216366360783.0,,0.0,,,,2012-Q1,14272590835150,14272590835150.0
