dau_tu_ngan_han,dau_tu_ngan_han_cua_nguoi_uy_thac_dau_tu,chung_khoan_nam_giu_den_ngay_dao_han,chung_khoan_san_sang_de_ban,gia_tri_hao_mon_luy_ke,nguyen_gia,1_cac_khoan_phai_thu_dai_han,1_cam_co_the_chap_ky_quy_ky_cuoc_dai_han,1_nguon_kinh_phi,1_tien_va_cac_khoan_tuong_duong_tien,1_tai_san_co_dinh_huu_hinh,1_tam_ung,1_vay_va_no_thue_tai_chinh_dai_han,1_vay_va_no_thue_tai_chinh_ngan_han,1_von_dau_tu_cua_chu_so_huu,1_1_phai_thu_dai_han_cua_khach_hang,1_1_tien,1_1_vay_ngan_han,1_1_von_gop_cua_chu_so_huu,1_2_cac_khoan_tuong_duong_tien,1_2_thang_du_von_co_phan,1_2_von_kinh_doanh_o_cac_don_vi_truc_thuoc,1_3_phai_thu_dai_han_noi_bo,1_4_phai_thu_dai_han_khac,1_4_von_khac_cua_chu_so_huu,1_5_co_phieu_quy,1_5_du_phong_phai_thu_dai_han_kho_doi,10_nhan_ky_quy_ky_cuoc_dai_han,10_phai_thu_noi_bo_ngan_han,10_thue_va_cac_khoan_phai_nop_nha_nuoc,11_phai_tra_nguoi_lao_dong,11_phai_tra_phai_nop_khac_dai_han,12_cac_khoan_phai_thu_khac,12_cac_khoan_trich_nop_phuc_loi_nhan_vien,12_du_phong_phai_tra_dai_han,13_chi_phi_phai_tra_ngan_han,13_du_phong_boi_thuong_thiet_hai_cho_nha_dau_tu,13_du_phong_suy_giam_gia_tri_cac_khoan_phai_thu,14_phai_tra_noi_bo_ngan_han,14_thue_thu_nhap_hoan_lai_phai_tra,15_doanh_thu_chua_thuc_hien_ngan_han,15_quy_phat_trien_khoa_hoc_va_cong_nghe,16_nhan_ky_quy_ky_cuoc_ngan_han,17_cac_khoan_phai_tra_phai_nop_khac_ngan_han,18_du_phong_phai_tra_ngan_han,19_quy_khen_thuong_phuc_loi,2_chi_phi_tra_truoc_dai_han,2_chenh_lech_danh_gia_lai_tai_san_theo_gia_tri_hop_ly,2_cac_khoan_dau_tu,2_cac_tai_san_tai_chinh_ghi_nhan_thong_qua_lai_lo_fvtpl,2_nguon_kinh_phi_da_hinh_thanh_tscd,2_tai_san_co_dinh_thue_tai_chinh,2_vat_tu_van_phong_cong_cu_dung_cu,2_1_cac_khoan_dau_tu_nam_giu_den_ngay_dao_han,2_2_dau_tu_vao_cong_ty_con,2_3_dau_tu_vao_cong_ty_lien_ket_lien_doanh,2_4_dau_tu_chung_khoan_dai_han,2_5_dau_tu_dai_han_khac,2_6_du_phong_giam_gia_dau_tu_dai_han,3_chi_phi_tra_truoc_ngan_han,3_chenh_lech_ty_gia_hoi_doai,3_cac_khoan_dau_tu_nam_giu_den_ngay_dao_han_htm,3_tai_san_co_dinh_vo_hinh,3_tai_san_thue_thu_nhap_hoan_lai,4_cac_khoan_cho_vay,4_cam_co_the_chap_ky_quy_ky_cuoc_ngan_han,4_quy_du_tru_dieu_le,4_tien_nop_quy_ho_tro_thanh_toan,4_trai_phieu_phat_hanh_dai_han,5_cac_tai_san_tai_chinh_san_san_de_ban_afs,5_phai_tra_nguoi_ban_dai_han,5_quy_du_phong_tai_chinh_va_rui_ro_nghe_nghiep,5_tai_san_dai_han_khac,5_tai_san_ngan_han_khac,6_du_phong_suy_giam_gia_tri_tai_san_tai_chinh_va_tai_san_the_chap,6_loi_the_thuong_mai,6_phai_tra_hoat_dong_giao_dich_chung_khoan,6_quy_khac_thuoc_von_chu_so_huu,7_cac_khoan_phai_thu_ngan_han,7_loi_nhuan_sau_thue_chua_phan_phoi,7_1_loi_nhuan_da_thuc_hien,7_1_phai_thu_ban_cac_tai_san_tai_chinh,7_2_loi_nhuan_chua_thuc_hien,7_2_phai_thu_va_du_thu_co_tuc_tien_lai_cac_tai_san_tai_chinh,7_2_1_phai_thu_co_tuc_tien_lai_den_ngay_nhan,7_2_2_du_thu_co_tuc_tien_lai_chua_den_ngay_nhan,8_loi_ich_co_dong_khong_nam_quyen_kiem_soat,8_phai_tra_nguoi_ban_ngan_han,8_phai_tra_noi_bo_dai_han,8_thue_gtgt_con_duoc_khau_tru,9_doanh_thu_chua_thuc_hien_dai_han,9_nguoi_mua_tra_tien_truoc_ngan_han,9_phai_thu_cac_dich_vu_ctck_cung_cap,a_no_phai_tra_300_310_340,a_tai_san_ngan_han,b_tai_san_dai_han,b_von_chu_so_huu_400_410_420,du_phong_cac_khoan_phai_thu_ngan_han_kho_doi,du_phong_giam_gia_dau_tu_ngan_han,giao_dich_mua_ban_lai_trai_phieu_chinh_phu_ts,hang_ton_kho_chi_tiet,i_no_ngan_han,i_tai_san_tai_chinh_dai_han,i_tai_san_tai_chinh_ngan_han,i_von_chu_so_huu,ii_nguon_kinh_phi_va_quy_khac,ii_no_dai_han,ii_tai_san_co_dinh,ii_tai_san_ngan_han_khac,iii_bat_dong_san_dau_tu,iv_chi_phi_xay_dung_co_ban_do_dang,nguon_von_dau_tu_xdcb,phai_thu_hoat_dong_giao_dich_chung_khoan,phai_tra_ho_co_tuc_goc_va_lai_trai_phieu,phai_tra_to_chuc_phat_hanh_chung_khoan,v_tai_san_dai_han_khac,von_nhan_uy_thac_dau_tu_dai_han,assets,cac_khoan_dau_tu_tai_chinh_ngan_han,co_phieu_pho_thong,du_phong_giam_gia_hang_ton_kho,du_phong_tro_cap_mat_viec_lam,giao_dich_mua_ban_lai_trai_phieu_chinh_phu,inventories,period,phai_thu_khach_hang,quy_dau_tu_phat_trien,quy_ho_tro_sap_xep_doanh_nghiep,thue_va_cac_khoan_khac_phai_thu_cua_nha_nuoc,total_assets,total_liabilities_equity,tra_truoc_cho_nguoi_ban
,,,,,,,2655100617.0,,3499341587087,85435006135,200428870.0,,15354612523262.0,10172650689673.0,,3499341587087,15354612523262.0,10009634510000,,163759790000.0,,,,,-743610327.0,,,,110193759751,3417624252,,6229459199,5663788397.0,,204399317465,,-8778594784.0,,,4292730325.0,,,10377964281,,92016185835,58578370730,,1022000000000.0,3024369730910.0,,,306990886.0,1022000000000.0,,,,,,4458963892,,4486156381491.0,17446071309,5877621058.0,16828053547020.0,90000000.0,,20000000000,2531505900780.0,4791250212991.0,,24516764528.0,10201320649.0,249514440.0,-27440878619.0,,14392515408,1625982305.0,283359388855,1742865478360,1751281419057.0,,-8415940697.0,283359388855.0,96538423958.0,186820964897.0,,6646820227,,,,3876219302000,33078288257.0,22213738431983,32933203856351,1222193490498,11941658914866,,,,,19682232531203,1022000000000.0,32927897958263.0,11941658914866,,2531505900780,102881077444,5305898088,,,,,,,97312413054,,,,10009634510000.0,,,,,2026-Q2,,,,,34155397346849,34155397346849,12278835856.0
,,,,,,,2494566867.0,,1922611974925,94952406585,262340583.0,,16974414771046.0,6836205989673.0,,1920611974925,16974414771046.0,6673189810000,2000000000.0,163759790000.0,,,,,-743610327.0,,,,142250303138,10253241761,,8441923557,1841491211.0,,165006289675,,-8285769840.0,,,2034089617.0,,,12604454320,,33384627001,59367020405,,1022000000000.0,3115909934351.0,,,1561782086.0,1022000000000.0,,,,,,5831268197,,5513376421784.0,17744808645,4971752847.0,15520371733138.0,15090000000.0,,20000000000,2531638056691.0,3181157422685.0,,24516764528.0,10196368979.0,249514440.0,-27440878619.0,,28302708035,1625982305.0,163606701985,1510000237536,1517792705392.0,,-7792467856.0,163606701985.0,26862935048.0,136743766937.0,,15343242430,,,,2369649002000,9692284150.0,22286722276925,29427344326639,1231726924328,8372348974042,,,,,19755084220234,1022000000000.0,29404349421333.0,8372348974042,,2531638056691,112697215230,22994905306,,,,,,,97029709098,,,,6673189810000.0,,,,,2026-Q1,,,,,30659071250967,30659071250967,4907673217.0
,,,,,,,2494566867.0,,2684266116691,98351829368,81881673.0,,17730048954174.0,6750284049673.0,,2431266116691,17730048954174.0,6587267870000,253000000000.0,163759790000.0,,,,,-743610327.0,,,,184887419422,5974991485,,7920148920,2670138711.0,,292859664996,,-7785769840.0,,,3376203379.0,,,9649593267,,60950549761,54244781580,,,3104483142733.0,,,228436886.0,,,,,,,3454012871,,6461472421784.0,18705168045,2124489351.0,15040584813320.0,15090000000.0,,20000000000,1561581556689.0,3092748059694.0,,24516764528.0,10191230244.0,240752470.0,-27440878619.0,,43904051447,1625982305.0,174798590958,1218371868211,1214775282087.0,,3596586124.0,174798590958.0,29767353266.0,145031237692.0,,12460795794,,,,2873167402000,9014015780.0,22781531321125,30570217920387,206112065455,7994798664717,,,,,21219949764436,,30551105307265.0,7994798664717,,1561581556689,117056997413,19112613122,,,,,,,89055068042,,,,6587267870000.0,,,,,2025-Q4,,,,17529222.0,30776329985842,30776329985842,11044645844.0
,,,,,,,2514566867.0,,1754413781908,108232055017,181992624.0,,19579316730664.0,6062944519673.0,,1734413781908,19579316730664.0,5728129810000,20000000000.0,335558320000.0,,,,,-743610327.0,,,,151676807954,10554282896,,11804612295,2926917501.0,,259735076610,,-6975588195.0,,,3286231562.0,,,9016558501,,64342920770,53969068565,,,2699395826192.0,,,360556786.0,,,,,,,4770164765,,7041842421784.0,20902762231,10318582789.0,15698196486043.0,15090000000.0,,20000000000,1561525056686.0,2913958861416.0,,24516764528.0,10186094474.0,,-65659476996.0,,27033759786,1625982305.0,226092789054,910201992051,903224892618.0,,6977099433.0,226092789054.0,102186431242.0,123906357812.0,,25594704425,,,,1840524102000,8506747171.0,23535533149355,30308699277969,226123129943,6999289258557,,,,,21974008092669,,30288279034572.0,6999289258557,,1561525056686,129134817248,20420243397,,,,,,,96988312695,,,,5728129810000.0,,,,,2025-Q3,,,,17529222.0,30534822407912,30534822407912,6702573900.0
,,,,,,,2514566867.0,,1951365941874,118322507301,272770971.0,,14824793838979.0,6062944519673.0,,1921365941874,14824793838979.0,5728129810000,30000000000.0,335558320000.0,,,,,-743610327.0,,,,91484858678,6234452474,,9326367431,2726583198.0,,166067354167,,-6256588195.0,,,4626934506.0,,,7679594416,,68555457096,56634336546,,,3108863146383.0,,,473784986.0,,,,,,,2326519419,,5696842421784.0,24179836412,10776805990.0,12795654237518.0,15090000000.0,,20000000000,1061468556684.0,1667820639157.0,,24516764528.0,10181017067.0,,-56339976996.0,,20286132216,1625982305.0,103327930507,1264914882337,1269090175708.0,,-4175293371.0,103327930507.0,19342919862.0,83985010645.0,,11708278770,,,,1931671702000,9348441423.0,18197303743184,25308696821844,242609070183,7354002148843,,,,,17135835186500,,25289881123740.0,7354002148843,,1061468556684,142502343713,18815698104,,,,,,,100106726470,,,,5728129810000.0,,,,,2025-Q2,,,,652622728.0,25551305892027,25551305892027,9928562854.0
,,,,,,,2514566867.0,,1598364130310,128457232539,2053077161.0,,13112120594546.0,6062944519673.0,,1578364130310,13112120594546.0,5728129810000,20000000000.0,335558320000.0,,,,,-743610327.0,,,,100460296862,6405053238,,11768000545,2572037442.0,,127946218251,,-6249588199.0,,,853794846.0,,,7138534589,,38753766143,59871244485,1600000000.0,,2564933413135.0,,,881860586.0,,,,,,,3527769973,,4901842421784.0,26213265545,5235878516.0,11441805655126.0,56047400000.0,,20000000000,1061412056682.0,1529106893173.0,,24516764528.0,10176006758.0,,-56339976996.0,,20693639261,1625982305.0,94719172501,1088473282088,1072084865564.0,,16388416524.0,94719172501.0,19234231055.0,75484941446.0,,11097369110,,,,740384502000,8717894805.0,15229837862970,22156530216854,252468194710,7179160548594,,,,,14168425806288,,22094002579912.0,7179160548594,,1061412056682,154670498084,62527636942,,,,,,,97797696626,,,,5728129810000.0,,,,,2025-Q1,,,,17529222.0,22408998411564,22408998411564,5334563728.0
,,,,,,,2514566867.0,,1773543835124,126719606413,1660202400.0,,13069703217309.0,6062944519673.0,,1749543835124,13069703217309.0,5728129810000,24000000000.0,335558320000.0,,,,,-743610327.0,,,,120310511245,4083140070,,4537982300,2712107420.0,,165344593730,,-41532524205.0,,,3050871308.0,,,14530406797,,66053781526,59466924868,,,1973818318843.0,,,566344886.0,,,,,,,2331860009,,4994512493078.0,28959214686,10477959835.0,10293729065183.0,15090000000.0,,20000000000,1061355556680.0,2706379850371.0,,24516764528.0,10170880595.0,,-98400705976.0,,21551998147,1625982305.0,231234916889,819451590106,789317719875.0,,30133870231.0,231234916889.0,29172766557.0,202062150332.0,,11493708210,,,,683151902000,7852593150.0,15223341794442,21873571497790,258309153264,6908538856612,,,,,14161986237762,,21853905561273.0,6908538856612,,1061355556680,155678821099,19665936517,,,,,,,102630332165,,,,5728129810000.0,,,,,2024-Q4,,,,17529222.0,22131880651054,22131880651054,8229736516.0
,,,,,,,2514566867.0,,1579769611337,136834944459,3539439042.0,,11523996324694.0,5470056199673.0,,1579769611337,11523996324694.0,5470799810000,,,,,,,-743610327.0,,,,66244549145,2824786921,,5341825937,2371358420.0,,128350757937,,-41446038438.0,,,4563768111.0,,,495884343173,,69206844346,65367847621,26592000000.0,,1700936499903.0,,,364045786.0,,,,,,,2862854767,,3792512493078.0,30765110991,2178278015.0,9865596983403.0,15090000000.0,,20000000000,1061299056679.0,2232146829267.0,,24516764528.0,10165821921.0,,-82554833496.0,,10834006814,1625982305.0,190776861908,654119947548,635299694320.0,,18820253228.0,190776861908.0,28883289386.0,161893572522.0,,11919157439,,,,2171002000,13284149180.0,13379665955679,19288750279859,267826569874,6176910894054,,,,,12318366899000,,19265890648264.0,6176910894054,,1061299056679,167600055450,22859631595,,,,,,,100226514424,,,,5470799810000.0,,,,,2024-Q3,,,,1003292000.0,19556576849733,19556576849733,9526266185.0
,,,,,,,2453566867.0,,721758236860,147244560026,3956290769.0,,10385890098321.0,4375956319673.0,,606758236860,10385890098321.0,4376699930000,115000000000.0,,,,,,-743610327.0,,,,85257984630,6663951065,,10918284747,2564775420.0,,122217362734,,-26961812314.0,,,4607826660.0,,,401116053336,,80574781526,68620330071,6083605440.0,,1599568494556.0,,,294101786.0,,,,,,,3594039365,,2856359134113.0,34811692769,7809863366.0,9978623602888.0,15090000000.0,,20000000000,1061242556677.0,2023883467785.0,,24516764528.0,10160707652.0,,-82554833496.0,,16266324160,1625982305.0,161067452517,1000356967404,983784379923.0,,16572587481.0,161067452517.0,23011771317.0,138055681200.0,,16310005852,,,,2471002000,24536415341.0,12185182722381,17302621640980,291100720751,5408539639350,,,,,11123940165704,,17278881292197.0,5408539639350,,1061242556677,182056252795,23740348783,,,,,,,109044467956,,,,4376699930000.0,,,,,2024-Q2,,,,805916863.0,17593722361731,17593722361731,11682849200.0
,,,,,,,1371526750.0,,1168340435894,152048961012,3856108005.0,,10162473729976.0,4375946418400.0,,1138340435894,10162473729976.0,4376699930000,30000000000.0,,,,,,-753511600.0,,,,88550103520,11298727135,,7888354421,2221786420.0,,84427735749,,-26957812322.0,,,1089905839.0,,,412073203193,,49862298107,71972401024,,,1149233683699.0,,,419585053.0,,,,,,,4904267178,,2669240244505.0,39945225512,8774230333.0,9869080856173.0,15090000000.0,,20000000000,405909569442.0,1175868384620.0,,24516764528.0,10155642836.0,,-82554833496.0,,20606947323,1625982305.0,203084600337,818678265852,799879540797.0,,18798725055.0,203084600337.0,21836538499.0,181248061838.0,,18713517848,,,,2271002000,9374996420.0,11259498526552,16175997970170,304267987467,5220767431085,,,,,10853588957110,,16150401989432.0,5220767431085,,405909569442,191994186524,25595980738,,,,,,,112273800943,,,,4376699930000.0,,,,,2024-Q1,,,,1326020502.0,16480265957637,16480265957637,7803079181.0
,,,,,,,1370526750.0,,571249283464,162412667661,2470035093.0,,9598508546852.0,4375946418400.0,,441249283464,9598508546852.0,4376699930000,130000000000.0,,,,,,-753511600.0,,,,76712883674,7284861104,,6141214407,2815463220.0,,98478625384,,-13469630924.0,,,879612906.0,,,4828606935,,58251595426,76659574139,,327320000000.0,1122927028267.0,,,416842037.0,327320000000.0,,,,,,1848992789,,2322623532176.0,44374239236,9051997998.0,9218483030175.0,15090000000.0,,20000000000,406191111110.0,1261568020233.0,,24516764528.0,,,-82554833480.0,10150580580.0,14556093607,1625982305.0,231545521630,636107333361,618419678969.0,,17687654392.0,231545521630.0,18938175105.0,212607346525.0,,16250539155,,,,2171002000,8185032933.0,10286928941373,14673785853603,651339586364,5038196498594,,,,,9880737830263,327320000000.0,14653942454462.0,5038196498594,,406191111110,206786906897,19843399141,,,,,,,117232679467,,,,4376699930000.0,,,,,2023-Q4,,,,17529222.0,15325125439967,15325125439967,7244255581.0
,,,,,,,1490526750.0,,55005506324,143549389349,3797688653.0,,7286135834148.0,4375946418400.0,,55005506324,7286135834148.0,4376699930000,,,,,,,-753511600.0,,,,77197140819,10004958704,,5706759944,2509555340.0,,67775645827,,-13896526924.0,,1306808750.0,1884271611.0,,,6462221427,,58814495426,75772845549,,595320000000.0,1137443111710.0,,,360508600.0,595320000000.0,,,,,,2801759798,,1838623532176.0,48381010979,,6541468339033.0,15090000000.0,,20000000000,,1764008731185.0,,24516764528.0,,,-82583086500.0,10145338611.0,15183860660,1625982305.0,191981800700,463221957474,459430722468.0,,3791235006.0,191981800700.0,13042157990.0,178939642710.0,,10981221835,,184111152.0,,2171002000,16171373055.0,7540427016547,11511079028018,894659111238,4865311122707,,,,,7539120207797,595320000000.0,11487829051459.0,4865311122707,,1306808750,191930400328,23249976559,,,,,,,107408710910,,,,4376699930000.0,,,,,2023-Q3,,,,1015908356.0,12405738139256,12405738139254,33899510756.0
,,,,,,,1490526750.0,,83290345197,117215652821,4737714673.0,,5663404056326.0,3805177668400.0,,83290345197,5663404056326.0,3805931180000,,,,,,,-753511600.0,,,,56756880373,8607947413,,5971860784,2302812340.0,,57636174359,,-7113942443.0,,1158221215.0,2662269912.0,,,5073771059,,66604626588,74684233691,,595320000000.0,966626570236.0,,,491406599.0,595320000000.0,,,,,,2753065968,,1896301432176.0,52985032687,,5326076272066.0,15090000000.0,69328039314.0,20000000000,169994444448.0,1479712339662.0,,69318055214.0,,,-82583086500.0,10140225964.0,14652749993,1625982305.0,133285495635,753550360343,750521475485.0,,3028884858.0,133285495635.0,8685611673.0,124599883962.0,,10198602880,,,,2671002000,10219390999.0,6061723558906,9888887992569,871835671913,4699000105576,,,,,5890570893243,595320000000.0,9861837484920.0,4699000105576,,171152665663,170200685508,27050507649,,,,,,,106314986405,,,,3805931180000.0,,,,,2023-Q2,,,,3978320409.0,10760723664482,10760723664482,50050807108.0
,,,,,,,2251002180.0,,77369062368,125847551679,6497395450.0,,4619405514313.0,3805177668400.0,,77369062368,4619405514313.0,3805931180000,,,,,,,-753511600.0,,175609980.0,,49023998712,3892518367,,4226981087,2173109790.0,,35733467352,,-7223341253.0,,420346147.0,436056416.0,,,4695995889,,39053691744,80474633158,,595320000000.0,406934308404.0,,,605916599.0,595320000000.0,,,,,,7322182417,,1492792939025.0,57528025385,,3732569800049.0,15090000000.0,69328039314.0,20000000000,169986111114.0,2796008730210.0,,69318055214.0,,,-82583086500.0,10135399391.0,8910172972,1625982305.0,159404265439,660814849562,660737464975.0,,77384587.0,159404265439.0,49664940112.0,109739325327.0,,18744009587,,,,2302530588,12711321708.0,4954953132971,8669661115973,891556611793,4606264594795,,,,,4784371065730,595320000000.0,8638980595077.0,4606264594795,,170582067241,183375577064,30680520896,,,,,,,112861034729,,,,3805931180000.0,,,,,2023-Q1,,,,1165026430.0,9561217727766,9561217727766,46769614540.0
,,,,,,,2251002180.0,,194935879341,135437786039,4055032198.0,,5431701897490.0,3805177668400.0,,24935879341,5431701897490.0,3805931180000,170000000000.0,,,,,,-753511600.0,,175609980.0,,93896042340,6717922218,,3520822211,1931159790.0,,137362882393,,-6235758253.0,,2635454.0,402265880.0,,,23961919090,,42613717944,82608405477,,595320000000.0,2611500872106.0,,,398983654.0,595320000000.0,,,,,,14317396673,,1623292939025.0,55961786702,,3759499832736.0,15090000000.0,69328039314.0,20000000000,371977777780.0,1389980915859.0,,69318055214.0,,,-82583086500.0,10130180734.0,12125853104,1625982305.0,160510533957,539582702224,541769572289.0,,-2186870065.0,160510533957.0,64711196146.0,95799337811.0,,30976908715,,171369547.0,,2341002000,12529942656.0,6156187594178,9739510880503,901709161132,4485032447457,,,,,5784031570964,595320000000.0,9704969881216.0,4485032447457,,372156023214,191399572741,34540999287,,,,,,,114989588391,,,,3805931180000.0,,,,,2022-Q4,,,,508217215.0,10641220041635,10641220041635,38016988078.0
,,,,,,,2308328768.0,,638811730705,67846060901,4505664135.0,,6820280523569.0,2675429728400.0,,638811730705,6820280523569.0,2676183240000,,,,,,,-753511600.0,,218165500.0,,53264452116,5050926254,,7029653637,1753017790.0,,97261372503,,-5795242439.0,,456971859.0,539458239.0,,,590447437046,,42613717944,82301061720,,432320000000.0,598079989736.0,,,2000863641.0,432320000000.0,,,,,,26587976211,,1785792939025.0,43880197655,,7101882113846.0,15090000000.0,69328039314.0,20000000000,580969444448.0,994791159482.0,,69318055214.0,,,-82583086500.0,10125075641.0,12924087695,1625982305.0,161780534901,1002317333833,1001925446394.0,,391887439.0,161780534901.0,93094884382.0,68685650519.0,,8406294084,,,,2601799045,13176546323.0,8216787668092,11376026082473,658780724685,3818019139066,,,,,7635143086285,432320000000.0,11327604753877.0,3818019139066,,581644581807,111726258556,48421328596,,,,,,,114734466129,,,,2676183240000.0,,,,,2022-Q3,,,,236824609.0,12034806807158,12034806807158,114638415161.0
,,,,,,,2766500768.0,,165686508683,72297854209,3875241111.0,,6570798789287.0,2675429947400.0,,62386508683,6570798789287.0,2676183240000,103300000000.0,,,,,,-753292600.0,,218165500.0,,59526670697,6103254580,,4490952963,1734397490.0,,124237135363,,-5111986439.0,,,408187542.0,,,10318643930,,42613717944,86517611231,,105000000000.0,1063057086519.0,,,1990356141.0,105000000000.0,,,,,,36963272025,,2376135039025.0,45482623570,1703525009.0,6049138724330.0,15090000000.0,69328039314.0,20000000000,595961111114.0,876474525903.0,,69318055214.0,,,-82583086500.0,10119972843.0,17241046130,1625982306.0,161229734080,881129788521,889379888554.0,,-8250100033.0,161229734080.0,80898146369.0,80331587711.0,,8556832075,,,,2803502000,26299451126.0,7440521453652,10793465178777,343888087630,3696831812755,,,,,6844342177038,105000000000.0,10735528780278.0,3696831812755,,596179276614,117780477779,57936398499,,,,,,,121107609851,,,,2676183240000.0,,,,,2022-Q2,,,,17529222.0,11137353266407,11137353266407,100711830588.0
,,,,,,,3145373768.0,,218575059835,77718427384,4211646195.0,,7434792134102.0,2675439403800.0,,115275059835,7434792134102.0,2676183240000,103300000000.0,,,,,,-743836200.0,,218165500.0,,99459213255,16762259752,,10102852077,1918812141.0,,83293108464,,-4537898228.0,,569970878.0,1721467866.0,,,8491947631,,7405078858,79306005866,,,1119647629427.0,,,2039011141.0,,,,,,,22726971064,,2117415039025.0,42627078097,,7581759265732.0,15090000000.0,69328039314.0,20000000000,1034186723068.0,984686796023.0,,69318055214.0,,9500000000.0,-82583086500.0,10116591031.0,52148865616,1625982305.0,74530165388,795928253097,795084369584.0,,843883513.0,74530165388.0,12303815365.0,62226350023.0,,15283055251,,,,2819930000,32803648552.0,8759070732382,12137796989966,232913476146,3611639733730,,,,,7724095872936,,12083902611784.0,3611639733730,,1034974859446,120345505481,53894378182,,,,,,,112567970665,,,,2676183240000.0,,,,,2022-Q1,,,,326749782.0,12370710466112,12370710466112,31503140453.0
,,,,,,,3130373768.0,,118318984352,80757121150,1076680879.0,,6266414308030.0,2675521133200.0,,91018984352,6266414308030.0,2676183240000,27300000000.0,,,,,,-662106800.0,,218165500.0,,86331826534,17609621574,,10061633840,4862689937.0,,191475017406,,-4100898228.0,,1697919433.0,3485436664.0,,158248586015.0,10167563241,,7205078858,83225219965,,10000000000.0,1722347864808.0,,,2070802126.0,10000000000.0,,,,,,24013308548,,1584415039025.0,40975201567,,7151289176293.0,15090000000.0,69328039314.0,17956433957,834981394746.0,117949857502.0,,69318055214.0,,9500000000.0,-82583086500.0,10109941596.0,30234768959,1625982305.0,83219415221,595752698075,590397020344.0,3002354000.0,5355677731.0,80217061221.0,36417255215.0,43799806006.0,,20304428797,,,,2458002000,20989313964.0,7635694807694,10801086423799,246154292003,3411545908108,,,,,6798797328015,10000000000.0,10749300163847.0,3411545908108,,836897479679,121732322717,51786259952,,,,,,,114421969286,,,,2676183240000.0,,,,,2021-Q4,,,,35468399.0,11047240715802,11047240715802,27392863570.0
,,,,,,,3130373768.0,,153279368118,41673610087,3352869099.0,,6011066367238.0,2675742459600.0,,125979368118,6011066367238.0,2676183240000,27300000000.0,,,,,,-440780400.0,,218165500.0,,87921050431,13058045659,,14974559467,4750345889.0,,138382639892,,-4083700000.0,,473709568.0,1602105915.0,,302400323684.0,8749980002,,7084078858,71525473956,,10000000000.0,1633627948447.0,,,1804046082.0,10000000000.0,,,,,,18410861327,,1455349532176.0,18427604680,,6994733120052.0,15223478223.0,39987506742.0,17956433957,785721965133.0,117940035769.0,,39977522642.0,,,-82583086500.0,10104862221.0,47631099586,1625982305.0,65213619096,483457536355,484478698083.0,,-1021161728.0,65213619096.0,31481753220.0,33731865876.0,,13347724044,,,,2959744000,40822611278.0,7425367345399,10493339994374,172818358669,3240791007644,,,,,6638953505198,10000000000.0,10454548739643.0,3240791007644,,786413840201,60101214767,38791254731,,,,,,,102717143902,,,,2676183240000.0,,,,,2021-Q3,,,,,10666158353043,10666158353043,65274731740.0
,,,,,,,3113123768.0,,307958055614,44819498620,3829177308.0,,3902211142343.0,2676014681100.0,,262658055614,3902211142343.0,2676183240000,45300000000.0,,,,,,-168558900.0,,218165500.0,,71244304605,16344286849,,8130328397,4513708588.0,,115882310267,,-3753700000.0,,,81163840.0,,955940195155.0,10147574643,,7084078858,64317608748,,10000000000.0,1673968544808.0,,,951091095.0,10000000000.0,,,,,,10378371142,,1104749532176.0,20515686902,-2728768772.0,5442558228721.0,15223478223.0,39987506742.0,17956433957,585408303773.0,117938935769.0,,39977522642.0,,,-59055729445.0,10099769931.0,165029226773,1625982305.0,55252041256,299675971767,290196896684.0,,9479075083.0,55252041256.0,23415840249.0,31836201007.0,,15845639030,,,,2791002000,28857102942.0,5852741102224,8741929413626,168093353154,3057281664556,,,,,5267114632951,10000000000.0,8711528486690.0,3057281664556,,585626469273,65335185522,30400926936,,,,,,,92758167632,,,,2676183240000.0,,,,,2021-Q2,,,,18809168.0,8910022766780,8910022766780,34925146452.0
,,,,,,,3113123768.0,,148541645674,33861145552,3402149304.0,,3328963426530.0,1643161984400.0,,121241645674,3328963426530.0,1643310840000,27300000000.0,,,,,,-148855600.0,,1329393670.0,,46358309334,11680320501,,28592201663,4098993288.0,,54640614094,,-3751900000.0,,,76663840.0,,2026755951338.0,7544854213,,2755011378,66877109714,,160000000000.0,1582673319364.0,,,750396845.0,160000000000.0,,,,,,9680136214,,954565039025.0,19814989628,-1612844200.0,4733663266283.0,15223478223.0,39987506742.0,17956433957,171301495075.0,117938934861.0,,39977522642.0,,12753203200.0,-59055729445.0,10094864609.0,110465676836,1625982305.0,41692231889,435570721539,430555344742.0,,5015376797.0,41692231889.0,6447754760.0,35244477129.0,,11306852376,,,,2346002000,20522790428.0,5779623564473,7629842459073,310104823028,2160323717628,,,,,5606992675728,160000000000.0,7585895023763.0,2160323717628,,172630888745,53676135180,43947435310,,,,,,,96428687848,,,,1643310840000.0,,,,,2021-Q1,,,,2138071524.0,7939947282101,7939947282101,20513224021.0
,,,,,,,2573511568.0,,96948819458,35608810803,983822696.0,,2206843000000.0,1643181396700.0,,49648819458,2206843000000.0,1643310840000,47300000000.0,,,,,,-129443300.0,,1329393670.0,,45505365098,9241405870,,5959803591,3750693088.0,,49485192001,,-3499900000.0,,,262303989.0,,1998030365477.0,7674305560,,4044511378,67372088116,,150000000000.0,1468603179653.0,,,436515736.0,150000000000.0,,,,,,4479398323,,739565039025.0,17544508202,854098883.0,4123339761796.0,15223478223.0,39987506742.0,15456433957,178191975264.0,113365529369.0,,39977522642.0,,12758019700.0,-59055729445.0,10089791367.0,40209367939,1625982305.0,157860516852,335596064315,340448459848.0,120229160100.0,-4852395533.0,37631356752.0,5813239017.0,31818117735.0,,408518796761,,,,2141002000,23268232110.0,4955227678095,6716096907903,299499242896,2060368472704,,,,,4775706309161,150000000000.0,6682215673225.0,2060368472704,,179521368934,53153319005,33881234678,,,,,,,96345923891,,,,1643310840000.0,,,,,2020-Q4,,,,,7015596150799,7015596150799,15860420816.0
,,,,,,,2575511568.0,,160835806806,27423274042,4614844399.0,,1701244000000.0,1643192358800.0,,133535806806,1701244000000.0,1643310840000,27300000000.0,,,,,,-118481200.0,,1373385670.0,,29064661590,4572596667,,324604315042,3535600014.0,,62215969325,,-216096023822.0,,,136119644.0,,1065157814902.0,10724022102,,4173915478,69743516474,,226750000000.0,673884807026.0,,,538372936.0,226750000000.0,,,,,,1785066047,,618315039025.0,18364327318,1092721583.0,2999645797175.0,15223478223.0,26552236410.0,15456433957,344533748519.0,113365529369.0,,26542252310.0,,13008086150.0,-59055729445.0,10084706641.0,18412052359,1625982305.0,39979989121,264664939765,270471826096.0,,-5806886331.0,39979989121.0,3634639467.0,36345349654.0,,6518838570,,,,2301002000,143438235611.0,3253963726840,4845051004848,371490491583,1962577769590,,,,,2908056592651,226750000000.0,4809874761974.0,1962577769590,,345907134189,45787601360,35176242874,,,,,,,98952890223,,,,1643310840000.0,,,,,2020-Q3,,,,6395119.0,5216541496431,5216541496430,10956996066.0
,,,,,,,2570511568.0,,109232209076,29449724746,5502479823.0,,1438718200000.0,1643194112200.0,,81932209076,1438718200000.0,1643310840000,27300000000.0,,,,,,-116727800.0,,1373385670.0,,32214544848,4800440066,,95109112708,3277974614.0,,77573714849,,-215453261177.0,,,218227213.0,,833861593226.0,6383590225,,5615511378,72377213703,,226750000000.0,960304125347.0,,,894788145.0,226750000000.0,,,,,,1971855259,,656995039025.0,17431416022,959862521.0,2594775504246.0,15223478223.0,26552236410.0,15456433957,544313664504.0,113364314369.0,,26542252310.0,,10008086150.0,-59055729445.0,10079624533.0,14091567483,1625982305.0,49690385428,201037866725,206313316810.0,2681285000.0,-5275450085.0,47009100428.0,8458742868.0,38550357560.0,,7628244574,,,,2603002000,155850427782.0,2972673660650,4496551323551,375074787050,1898952449950,,,,,2426986610476,226750000000.0,4462950635951.0,1898952449950,,545687050174,46881140768,33600687600,,,,,,,101443646282,,,,1643310840000.0,,,,,2020-Q2,,,,,4871626110601,4871626110600,2138508592.0
,,,,,,,2568511568.0,,398631499963,31501630301,12906352765.0,,829955616000.0,1643196794800.0,,271331499963,829955616000.0,1643310840000,127300000000.0,,,,,,-114045200.0,,1373385670.0,,15755527173,2789701433,,113662642476,2994297414.0,,48523428730,,-240341690444.0,,,99784405.0,,1214572925596.0,4619222512,,6053853796,71715477107,,76750000000.0,911427108353.0,,,624793295.0,76750000000.0,,,,,,3192847880,,661545039025.0,18216405752,2552934338.0,2395484989050.0,15238623223.0,26552236410.0,15456433957,645432392582.0,126884314369.0,,26542252310.0,,9000000000.0,-67925729445.0,10074655301.0,6109335651,1625982305.0,35277673021,298291855703,309939593059.0,,-11647737356.0,35277673021.0,7050637966.0,28227035055.0,,4297709216,,,,2653002000,172993940733.0,2785230182178,4552603255383,228836048324,1996209121528,,,,,2138424403926,76750000000.0,4510274176693.0,1996209121528,,646805778252,49718036053,42329078690,,,,,,,102368012271,,,,1643310840000.0,,,,,2020-Q1,,,,1366461527.0,4781439303707,4781439303706,2634389592.0
,,,,,,,2570398268.0,,414572303541,33535093918,2087131325.0,,829615050000.0,1221129178800.0,,237272303541,829615050000.0,1221242800000,177300000000.0,,,,,,-113621200.0,,1373385670.0,,19807239112,2316425663,,95254369909,3077910210.0,,51161576580,,-239856965345.0,,,199803989.0,,1505723570731.0,5902680730,,6724253796,73838675689,,76750000000.0,753433267048.0,,,805843998.0,76750000000.0,,,,,,3848721743,,532825039025.0,16689978678,2095359170.0,2689398963126.0,15236736523.0,26552236410.0,12956433957,626870671866.0,126884314369.0,,26542252310.0,,27587500.0,-67925729445.0,10069607035.0,13095044834,1625982305.0,22503477610,393986566922,403804003603.0,,-9817436681.0,22503477610.0,4962601090.0,17540876520.0,,12249632308,,,,2303002000,169623669848.0,3080420247489,4521750917521,228505546715,1669836216747,,,,,2452176189953,76750000000.0,4499734302770.0,1669836216747,,628244057536,50225072596,22016614751,,,,,,,101530474119,,,,1221242800000.0,,,,,2019-Q4,,,,10593662.0,4750256464236,4750256464236,3021593084.0
,,,,,,,2169111568.0,,230790462186,23875201003,8679627510.0,,997300000000.0,1221132291400.0,,200490462186,997300000000.0,1221242800000,30300000000.0,,,,,,-110508600.0,,1373385670.0,,19043194523,1972068771,,106829523880,2895082510.0,,56486954734,,-239523334103.0,,,198339369.0,,1139056039817.0,6868293009,,8740253796,64260044507,,73000000000.0,1025189553525.0,,,876312896.0,73000000000.0,,,,,,11616004577,,397835039025.0,14200300978,8244441720.0,2564018677383.0,15281623223.0,15062113426.0,12956433957,698748409529.0,126884314369.0,,15052129326.0,,,-67925729445.0,10064593414.0,29778305699,1625982305.0,18278992826,358196540434,365372773716.0,,-7176233282.0,18278992826.0,4475585561.0,13803407265.0,,2731101892,,,,2389002000,164896040708.0,2967580431319,4369879361062,208770127147,1611069056891,,,,,2267458636120,73000000000.0,4333395472290.0,1611069056891,,700121795199,38075501981,36483888772,,,,,,,97694625166,,,,1221242800000.0,,,,,2019-Q3,,,,30320566.0,4578649488209,4578649488210,6121931936.0
,,,,,,,1200066568.0,,95843854054,25803259343,11388711990.0,,998000000000.0,1221135073300.0,,63543854054,998000000000.0,1221242800000,32300000000.0,,,,,,-107726700.0,,1373385670.0,,25104208393,2025212642,,295830647010,2638335110.0,,53125199379,,-239607801636.0,,,336709906.0,,821539683665.0,8219187156,,9041753796,65410692083,,,658030416970.0,,,820873144.0,,,,,,,12106981300,,96495039025.0,14572299035,8349703506.0,2643109078753.0,15471623223.0,15062113426.0,12956433957,499254188112.0,126884314369.0,,15052129326.0,,4600000000.0,-67925729445.0,10059586092.0,9765414890,1625982305.0,29669370688,312690638905,320274189691.0,,-7583550786.0,29669370688.0,22343425104.0,7325945584.0,,4762746839,,,,2359002000,178440364523.0,2437545027558,3864758924236,138352040584,1565565937262,,,,,1936917453776,,3820342545545.0,1565565937262,,500627573782,40375558378,44416378691,,,,,,,97976482206,,,,1221242800000.0,,,,,2019-Q2,,,,28189034.0,4003110964820,4003110964820,3572991234.0
,,,,,,,1200066568.0,,353117816095,13872372573,10590031890.0,,877000000000.0,1221136489000.0,,347717816095,877000000000.0,1221242800000,5400000000.0,,,,,,-106311000.0,,1373385670.0,,22312737534,4209640542,,100570219191,2410248610.0,,42320895095,,-238979444802.0,,,187660817.0,,591141722524.0,20323881876,,10420253796,66373908917,,,289847016576.0,,,724043979.0,,,,,,,12624345629,,296495039025.0,13164797255,8947240700.0,2467290998223.0,15363623223.0,15062113426.0,12956433957,600039953394.0,133634314369.0,,15052129326.0,,4600000000.0,-70925729445.0,10054571672.0,7070884437,1628982305.0,15960370914,245239225032,255201265566.0,,-9962040534.0,15960370914.0,3080391595.0,12879979319.0,,6122744151,,,,3537002000,155955891416.0,2188471010446,3560020557893,126569391642,1498118939089,,,138361806.0,,1587057671382,,3515980151366.0,1498118939089,,601413339064,27037169828,44040406527,,,,,,,99532221814,,,,1221242800000.0,,,,,2019-Q1,,,,,3686589949535,3686589949535,13013659804.0
,,,,,,,1200066568.0,,458449693695,14817397418,418500000.0,,427000000000.0,1221138185300.0,,353049693695,427000000000.0,1221242800000,105400000000.0,,,,,,-104614700.0,,1373385670.0,,14364889406,3711797577,,105905858047,2484766416.0,,80292797998,,-250674104530.0,,,326552003.0,,916732952769.0,6222901650,,1182140150,67480987662,,,326435333150.0,,,501096863.0,,,,,,,11191271457,,388321895099.0,12379302639,12596607569.0,2300284385457.0,15364928223.0,15062113426.0,10456433957,846581816346.0,223584964268.0,,15052129326.0,,3000000000.0,-121334879344.0,10051174530.0,4176063812,1628982305.0,17092208135,207590887214,228641997306.0,250000000.0,-21051110092.0,16842208135.0,4403516106.0,12438692029.0,,7488668464,,,,2409002000,160183782851.0,2314347734261,3645838061489,128981970343,1460472297571,,,,,1466392532245,,3615362264946.0,1460472297571,,847955202016,27196700057,30475796543,,,,,,,101785270286,,,,1221242800000.0,,,,,2018-Q4,,,,,3774820031832,3774820031832,7113128118.0
,,,,,,,1200066568.0,,116077604810,14537469594,16016865978.0,,632435500000.0,1221221097400.0,,110677604810,632435500000.0,1221242800000,5400000000.0,,,,,,-21702600.0,,1373385670.0,,22406069415,4802553419,,109232048577,2332092791.0,,71511059091,,-251058853934.0,,,144464577.0,,869712553394.0,8161431374,,1396248373,68665806477,,,338851430933.0,,,1708465377.0,,,,,,,13018796087,,501495039025.0,7434113155,12002179481.0,2554710330432.0,15215000000.0,6194502054.0,10456433957,756872297122.0,225760459268.0,,6184517954.0,,,-97374116844.0,10044507347.0,4927189070,1628982305.0,16372836722,224938318821,243984878322.0,170000000.0,-19046559501.0,16202836722.0,2127164902.0,14075671820.0,,6852665593,,,,2906502000,151763975355.0,2385834011889,3721660853844,124340576579,1460167418534,,,,,1627588329097,,3675701726402.0,1460167418534,,758245682792,21971582749,45959127442,,,,,,,102368993830,,,,1221242800000.0,,,,,2018-Q3,,,,,3846001430423,3846001430423,9870972058.0
,,,,,,,1172608268.0,,279789020057,15948691100,11467946998.0,,326000000000.0,1221222804000.0,,74389020057,326000000000.0,1221242800000,205400000000.0,,,,,,-19996000.0,,1373385670.0,,27737070311,6721970383,,159149659532,2121491073.0,,72103405971,,-424603391789.0,,,324864236.0,,1388486912319.0,8273646065,,1968248373,69861690666,,,356901471970.0,,,2369236985.0,,,,,,,10463841874,,751495039025.0,7949391253,15658882848.0,2168660854010.0,15183000000.0,6194502054.0,10456433957,756675266625.0,350237597950.0,,6184517954.0,,,-97638116844.0,10039376775.0,4546074228,1551580035.0,10955663228,173839802687,206994469102.0,,-33154666415.0,10955663228.0,3855055925.0,7100607303.0,,5921915751,,,,2394002000,283286299030.0,2604648253005,3882554384868,131087074867,1408993206730,,,,,1846599600710,,3843070359011.0,1408993206730,,758048652295,23898082353,39484025857,,,,,,,107188992514,,,,1221242800000.0,,,,,2018-Q2,,,,,4013641459735,4013641459735,4836262842.0
,,,,,,,1172608268.0,,285920888419,8378913355,12076844202.0,,975578760000.0,1221225542100.0,,280520888419,975578760000.0,1221242800000,5400000000.0,,,,,,-17257900.0,,1373385670.0,,28339159756,7123532142,,160468060574,1913752373.0,,58681227240,,-430171953049.0,,,187940446.0,,1237803635578.0,6804984574,,296472797,71057574855,,,711655919165.0,,,568906026.0,,,,,,,10268898153,,501495039025.0,7841196397,13168158586.0,2670830173518.0,15093000000.0,6194502054.0,10456433957,829880854016.0,225714419868.0,,6184517954.0,,35326.0,-92506649344.0,10029096914.0,8604390493,832692247.0,32261595433,120900825207,135228184380.0,,-14327359173.0,32261595433.0,3123486588.0,29138108845.0,,9749439580,,,,1996002000,286178198707.0,3168333536665,4401567633895,122103982332,1355338079562,,,,,2337079296979,,4363559950188.0,1355338079562,,831254239686,16220109752,38007683707,,,,,,,105883872580,,,,1221242800000.0,,,,,2018-Q1,,,,,4523671616227,4523671616227,11714257872.0
,,,,,,,1172608268.0,,261746724202,9519241405,1921102467.0,,679990000000.0,1221230286300.0,,261746724202,679990000000.0,1221242800000,,,,,,,-12513700.0,,1373385670.0,,11826913224,6499013027,,193888082341,1740521874.0,,93088341540,,-443167085006.0,,,339633825.0,,1437133768710.0,8092977804,,1457872797,72253459044,,,291076666145.0,,,630039746.0,,,,,,,8986217685,,501495039025.0,5396659240,1436000000.0,2616257740011.0,110063000000.0,6194502054.0,7956433957,727921824818.0,225723559574.0,,6184517954.0,,381640710.0,-10180012945.0,10020433416.0,5557395701,832692247.0,19033259399,50130545890,65665196255.0,,-15534650365.0,19033259399.0,5076160874.0,13957098525.0,,9899849301,,,,1786002000,378537563784.0,2986707500291,4163525209406,107754835330,1284572544445,,,,,2257412289803,,4041543208798.0,1284572544445,,729295210488,14915900645,121982000608,,,,,,,92838934685,,,,1221242800000.0,,,,,2017-Q4,,,,,4271280044736,4271280044736,7131672268.0
,,,,,,,1172608268.0,,170947444036,9044237714,6265483977.0,,499990000000.0,1221234668100.0,,112577444036,499990000000.0,1221242800000,58370000000.0,,,,,,-8131900.0,,1402785670.0,,9377388686,2492871035,,201690476506,1655118324.0,,56604380205,,-346484527961.0,,,366211724.0,,1623563577551.0,7457540588,,1477872797,73445610545,,,242265180895.0,,,346140746.0,,,,,,,7881122539,,283125039025.0,559287038,1436000000.0,2422202157182.0,15063000000.0,4996355740.0,7956433957,642000000000.0,594723559574.0,,4986371640.0,,410104708.0,-7180012945.0,10000000000.0,4252525784,832692247.0,26825276226,47735872203,98000049435.0,,-50264177232.0,26825276226.0,4860731042.0,21964545184.0,,5148832743,,,,1906002000,407796257027.0,2857695107107,4033866889515,103614177522,1279785959930,,,,,2214292321437,,4003901037545.0,1279785959930,,643402785670,9603524752,29965851970,,,,,,,94010652770,,,,1221242800000.0,,,,,2017-Q3,,,,,4137481067037,4137481067037,7990187980.0
,,,,,,,1172608268.0,,581585530729,9694439430,6297269001.0,,300000000000.0,1221236042300.0,,461227752951,300000000000.0,1221242800000,120357777778.0,,,,,,-6757700.0,,1402785670.0,,12285421881,3285311722,,300197272550,1521443124.0,,46639683769,,-503374306664.0,,,463736257.0,,1794788465514.0,5138603299,,2752372797,74641494734,,,227657580155.0,,,512341749.0,,,,,,,2532112867,,330095039025.0,641942537,1436000000.0,2166184245497.0,15063000000.0,4996355740.0,7956433957,646000000000.0,425723559574.0,,4986371640.0,,395667871.0,-8207012945.0,,5387228474,832692247.0,10473987455,102404077707,155789831653.0,,-53385753946.0,10473987455.0,2978033289.0,7495954166.0,,5347226462,,,,1824002000,506691478490.0,2826836280969,4065748901677,95542918926,1334455539634,,,,,2179433495299,,4040948510189.0,1334455539634,,647402785670,10336381967,24800391488,,,,,,,85206536959,,,,1221242800000.0,,,,,2017-Q2,,,,,4161291820603,4161291820603,3921136323.0
,,,,,,,1311208268.0,,704360110994,10836840963,4954880007.0,,349892290070.0,1221237933300.0,,654360110994,349892290070.0,1221242800000,50000000000.0,,,,,,-4866700.0,,1358793670.0,,7916527530,2812934562,,311078191469,1413973224.0,,32437930332,,-534201018948.0,,,309995508.0,,1463755784874.0,5000650101,,861296056,74040887258,600000010.0,101000000000.0,266055616252.0,,,1151240849.0,101000000000.0,,,,,,3404666499,,79095039025.0,724598036,1641400000.0,1914709914983.0,15063000000.0,4996355740.0,7956433957,585411192211.0,231859492872.0,,4986371640.0,,381640680.0,,,4945966418,,11685684059,100659514597,85169045976.0,,15490468621.0,11685684059.0,3473383864.0,8212300195.0,,4786935243,,,,1639002000,585416548175.0,2462543271799,3597512078604,197511368482,1332480175287,,,,,1875773285918,101000000000.0,3572556650569.0,1332480175287,,586769985881,11561438999,24955428035,,,,,,,84949929483,,,,1221242800000.0,,,,,2017-Q1,,,,,3795023447086,3795023447086,2497071688.0
,,,,,,,500951588.0,,293049710838,12086591902,1684390000.0,,399797851686.0,1221238014300.0,,293049710838,399797851686.0,1221242800000,,,,,,,-4785700.0,,247565500.0,33885549901.0,7360455262,1249318234,,322649155962,1260527299.0,,34956726087,,-513357310972.0,33885549901.0,,447022592.0,,1394080117957.0,16817949403,,861296056,75061268561,,,325437673032.0,,,962262149.0,,,,,,,4557057906,,161999039025.0,371950003,1641400000.0,2019375587655.0,15064000000.0,4996355740.0,5456433957,329290754255.0,313915559574.0,,4986371640.0,,2445105761.0,-143731791087.0,,2967033320,,21740185570,92956182231,92956182231.0,12600000000.0,,9140185570.0,3156974991.0,5983210579.0,,3402175244,,,,1554002000,597560497382.0,2228178344796,3457236672696,95118596011,1324176923911,,,,,1898640025041,,3432523856880.0,1324176923911,,329538319755,12458541905,24712815816,,,,,,,82660054106,,,,1221242800000.0,,,,,2016-Q4,,,,,3552355268707,3552355268707,
,,,,,,,500951588.0,,42462377499,6987001892,4129919557.0,,409801180276.0,1221238597500.0,,42462377499,409801180276.0,1221242800000,,,,,,,-4202500.0,,607774960.0,31676383897.0,6372762400,1898053606,,336251044848,1457699054.0,,25021292316,,-508066763234.0,31676383897.0,,,,1026215138497.0,4223460549,,861296056,76081649864,,,268508818884.0,,,365582649.0,,,,,,,5031411651,,161999039025.0,420500002,1641400000.0,1862320409212.0,29353000000.0,4163663493.0,5456433957,319747019438.0,313915559574.0,,4153679393.0,,12530083041.0,-119677183141.0,,3294144205,,7969525856,94355202089,94355202089.0,,,7969525856.0,3161173333.0,4808352523.0,,3397825344,,6935227.0,,1689002000,620310093225.0,1836263032598,3069086237770,91087937303,1323911142475,,,,,1515908238200,,3017676240872.0,1323911142475,,320354794398,7407501894,51409996898,,,,,,,83680435409,,,,1221242800000.0,,,,,2016-Q3,,,,,3160174175073,3160174175073,
,,,,,,,500951588.0,,41606214321,5318349902,2475222006.0,,399972320880.0,1221239849400.0,,41606214321,399972320880.0,1221242800000,,,,,,,-2950600.0,,247565500.0,21010958758.0,5909272493,1681404427,,319238276929,1323445554.0,,17394699402,,-460305677056.0,21010958758.0,,,,820492232258.0,3832092448,,988296056,77102031167,,,458564826561.0,,,439062277.0,,,,,,,4516669902,,,477855556,1805540000.0,1545090659921.0,15063000000.0,4163663493.0,5456433957,269796687707.0,321340559574.0,,4153679393.0,,7680210596.0,-125055851195.0,,3082075840,,6409295583,89102724392,89102724392.0,,,6409295583.0,3891897385.0,2517398198.0,,2461925582,,,,1509002000,619627305236.0,1549701978905,2777700733413,90661162170,1318659916678,,,,,1279657725698,,2747526568632.0,1318659916678,,270044253207,5796205458,30174164781,,,,,,,84864956712,,,,1221242800000.0,,,,,2016-Q2,,,,,2868361895583,2868361895583,
,,,,,,,201926588.0,,177413816913,6197893642,2725542858.0,,349990000000.0,1221242800000.0,,152208524913,349990000000.0,1221242800000,25205292000.0,,,,,,,,695733943.0,12404316036.0,4062083200,3719293070,,315488285229,1238246749.0,,27988965027,,-450540008103.0,12404316036.0,,,,708419154641.0,3713305075,,350911613,78122412470,,,449768988450.0,,,494954657.0,,,,,,,4005458605,,,137013889,1805540000.0,1436270697418.0,15063000000.0,4163663493.0,5456433957,443348248173.0,321331263899.0,,4153679393.0,,2144801861.0,-133764284214.0,,2595998767,,6609056129,90259858887,90259858887.0,,,6609056129.0,4470209079.0,2138847050.0,,430982219,,,,1591002000,629031132002.0,1560548240513,2788447021740,91921220546,1319820001773,,,,,1116504258397,,2764013263759.0,1319820001773,,444043982116,6334907531,24433757981,,,,,,,85586313015,,,,1221242800000.0,,,,,2016-Q1,,,,,2880368242286,2880368242286,
439763854013.0,,,199897907399.0,,,,,,924623350094,5449829757,,365814541328.0,300000000000.0,,,821201268989,,1221242800000,103422081105.0,,,,,,,,,,4500949461,1376798030,695733943.0,260046056959,,,23447854938,,,,,,,,14894154761,,3803071613,79142483014,,194690894454.0,,,,,,,,199897907399.0,3000000000.0,-8207012945.0,3548575503,,,35222225,1805540000.0,,,,2956433957,,,,3740863521.0,196926588.0,16284190000.0,,,1106816548629,3750847621.0,1610644540794,80925714378,,,,,,,,3518864930,,,,1537002000,,1828611786978,2853994682503,284277329995,1309660225520,-449901468172.0,-141556087015.0,,302279407.0,1462101511707,,,1309660225520,,366510275271,5485051982,20216745210,,,,,503945191.0,1702322154.0,84101383559,,,298207766998.0,,,,,302279407.0,2015-Q4,1799162032607.0,,,383979707.0,3138272012498,3138272012498,1337919400.0
531330337347.0,,,267459667399.0,,,,,,904720120561,6131256276,,395871828008.0,319000000000.0,,,780633243198,,1221242800000,124086877363.0,,,,,,,,,,2832369007,897362912,536091643.0,247645334522,,,27655774050,,,,,,,,4025643483,,3825071613,79957843862,,262252655731.0,,,,,,,,267459667399.0,3000000000.0,-8207011668.0,7191715493,,,99195341,1805540000.0,,,,2956433957,,,,7491711142.0,196926588.0,18671803606.0,,,1076316130605,,1457665178100,102397997290,,,,,,,,1406552803,,,,1898002000,,1845955504649,2823688161326,353399851755,1331132508432,-394398692270.0,-96523253819.0,,255881257.0,1449547584998,,,1331132508432,,396407919651,6230451617,26239897880,,,,,609841631.0,11080836894.0,84916744407,,,434807083528.0,,,,,255881257.0,2015-Q3,1603721738906.0,,,376378781.0,3177088013081,3177088013081,696796942.0
462098493156.0,,,260034667399.0,,,,,,1128153057221,6778965237,,400000000000.0,347500000000.0,,,879953770341,,1221242800000,248199286880.0,,,,,,,,,,5531354851,1586692934,477568443.0,305668246053,,,13140627289,,,,,,,,3916597038,,4052071613,80961316322,,254827655731.0,,,,,,,,260034667399.0,3000000000.0,-8207011668.0,5192690171,,,182740655,1805540000.0,,,,2956433957,,,,7491711142.0,195926588.0,28980162500.0,,,1407068830812,,1642363750811,99820830557,,,,,,,,2732295204,,,,1957002000,,2189998548853,3170845312062,347708578490,1328555341699,-398413598353.0,-96641941293.0,,315119790.0,1789514263410,,,1328555341699,,400484285443,6961705892,34556832377,,,,,1067262981.0,961528688.0,85919216867,,,365456551863.0,,,6717000.0,,315119790.0,2015-Q2,1733824078771.0,,,383979706.0,3518553890552,3518553890552,1285024340.0
515112576333.0,,,272405416849.0,,,,,,970004408741,7400350632,,,600000000000.0,,,911674910966,,1221242800000,58329497775.0,,,,,,,,,,2829502155,836794911,484285443.0,240440945116,,,14059724089,,,,,,,,3486139740,,24043482,81964788782,,262023405181.0,,,,,,,,272405416849.0,3000000000.0,-13382011668.0,5265002013,,,266285967,2944040000.0,,,,2956433957,,,,7491711142.0,195926588.0,18314817200.0,,,1121837457253,,1262917296339,77400732161,,,,,,,,1412722763,,,,1812002000,,1750671085135,2699055097331,357751231107,1306135243303,-412327637355.0,-73186430254.0,,247319196.0,1750186799692,,,1306135243303,,484285443,7666636599,23959926976,,,,,188864611.0,3699548688.0,88061189327,,,441926146079.0,,,,,247319196.0,2015-Q1,1434192109928.0,,,380107763.0,3056806328438,3056806328438,611878650.0
456158869882.0,,,278395416849.0,,,,,,1078144032377,6095538791,,,600000000000.0,,,989814534602,,1221242800000,88329497775.0,,,,,,,,,,5047380348,1783695364,477568443.0,239598731409,,,24952328396,,,,,,,,204484271615,,24043482,83083777051,,268013405181.0,,,,,,,,278395416849.0,3000000000.0,-13382011668.0,4520682362,,,349831281,2944040000.0,,,,456433957,,,,218719814.0,195926588.0,16337614300.0,,,917136727822,,1228143712503,83329706645,,,,,,,,2511868335,,,,1682002000,,1759029172153,2702681445763,361138952849,1304791226459,-414708407134.0,-81259515318.0,,259670876.0,1758544886710,,,1304791226459,,484285443,6445370072,21234675443,,,,,194627660.0,727941688.0,86680177596,,,374899354564.0,,,6717000.0,,259670876.0,2014-Q4,1401721755608.0,,,376378781.0,3063820398612,3063820398612,1531632620.0
265321440962.0,,,357665467849.0,,,,,,830101665365,6168180059,,,,,,802764255848,,1221242800000,27337409517.0,,,,,,,,,,5997221078,2264041915,15640973052.0,249931771148,,,19258981328,,,,,,,,3657097816,,34043482,84308509013,,349542239849.0,,,,,,,,357665467849.0,18225000000.0,-26348228000.0,3224837532,,,455891851,5607932000.0,,,,456433957,,,,219719814.0,195926588.0,17157537607.0,,,1506407296032,,1395524497431,77168756882,,,,,,,,2974923207,,,,1659002000,,1564645780029,2416541943408,446735113317,1298631276696,-418801348632.0,-95468035624.0,,303621354.0,1549004806977,,,1298631276696,,15640973052,6624071910,20758753920,,,,,247753431.0,6504446688.0,90568801558,,,169853405338.0,,,,,303621354.0,2014-Q3,1563933958975.0,,,376378781.0,2863277056725,2863277056725,460115940.0
236632950419.0,,,153993575350.0,,,,,,743227962811,6705673177,,,,,,743227962811,,1221242800000,,,,,,,,,,,2744082302,981491889,15518214313.0,254165252823,,,6104864787,,,,,,,,7699923832,,34043482,85533834422,,385326429849.0,,,,,,,,153993575350.0,253402082499.0,-22069228000.0,2079979891,,,563983000,5607932000.0,,,,456433957,,,,224508314.0,244678150.0,17861687192.0,,,1387163365396,,1318018222984,33603706812,,,,,,,,2818651851,,,,1447002000,,1440032479712,2210634866283,484468628555,1255071015126,-413800294903.0,-107902677149.0,,340361354.0,1424514265399,,,1255071015126,,15518214313,7299320177,20318045864,,29664000.0,,,229003172.0,15291836688.0,91842878529,,,128730273270.0,,,,,340361354.0,2014-Q2,1475670761924.0,,,376378781.0,2695103494838,2695103494838,1982503140.0
198734393115.0,,,148993575350.0,,,,,,924251300212,7469162186,,,,,,924251300212,,1221242800000,,,,,,,,,,,5252281211,2164588060,15518214313.0,298912835889,,,10924972133,,,,,,,,47251581903,,262887612,86759456558,,402258474453.0,,,,,,,,148993575350.0,288103892499.0,-34838993396.0,2963662721,,,676124149,5607932000.0,,,,456433957,,,,,244678150.0,16747470015.0,,,1795656993373,,1556202976295,23029575376,,,,,,,,2699007422,,,,1352002000,,1882658690712,2623429140635,503501925453,1244272375376,-439027096786.0,-76135943858.0,,288903354.0,1867140476399,,,1244272375376,,15518214313,8174950335,20087511517,,29664000.0,,,505022872.0,1071139813.0,93068500665,,,122598449257.0,,,,,288903354.0,2014-Q1,1695838374421.0,,,376378781.0,3126931066088,3126931066088,478862771.0
232512628432.0,,,150427500150.0,,,,,,710568300371,8311634025,,,,,,670568300371,,1221242800000,40000000000.0,,,,,,,,,,2764233380,1484380551,15254400000.0,299478377084,,,15794990292,,,,,,,,15426836001,,12082496,87998583467,,400037164649.0,,,,,,,,150427500150.0,288103892499.0,-38494228000.0,1710374083,,,841670280,5607932000.0,,,,120000000,,,,,244678150.0,16451393550.0,,,1369954693001,,1310949270672,2287039135,,,,,,,,1699921881,,,,1302002000,,1426556777396,2146895299960,503191316571,1223529839135,-398529564958.0,-125877402933.0,,204357004.0,1411302377396,,,1223529839135,,15254400000,9182958305,18538146414,,29654000.0,,,961512981.0,1901724813.0,93971193617,,,106635225499.0,,,,,204357004.0,2013-Q4,1408956804593.0,,,376378781.0,2650086616531,2650086616531,1043653953.0
312110877585.0,,,343689149750.0,,,,,,553755049627,10375334493,,15254400000.0,,,,438755049627,,1200000000000,115000000000.0,121000000000.0,,,,,,,,,2503685851,391685933,,265260853336,,,31453830543,,,,,,,,963251667745,,22082496,90365885833,,557170381750.0,,,,,,,,343689149750.0,252934960000.0,-39453728000.0,2382331627,,,1063242488,5034182000.0,,,,15185435621,,,,27028327532.0,1424124145.0,15962983102.0,,,368845890452,3822207863.0,1404872003334,-533607387998,,,,,,,,1457004643,,,,1163002000,,1989630663102,2127225560169,680648250330,818243147397,-163924339143.0,-162750077975.0,,245810204.0,1374376263102,,,818243147397,,615254400000,11468240981,18991897394,,29664000.0,,,4706958626.0,580454813.0,112009627599,600000000000.0,,149360799610.0,,,,,245810204.0,2013-Q2,1302159603697.0,,,646582665.0,2807873810499,2807873810499,1375885444.0
306257240085.0,,,343689149750.0,,,,,,635170988486,11752285170,,600000000000.0,,,,635170988486,,1200000000000,,121000000000.0,,,,,,,,,1910146457,212743724,15254400000.0,292923036450,,,35118894268,,,,,,,,1043959127040,,29582496,91579570630,,558627381750.0,,,,,,,,343689149750.0,252934960000.0,-37996728000.0,2696451814,,,1437708330,8493526750.0,,,,15185435621,,,,27028827532.0,1966843945.0,16450354770.0,,,335912270091,4470876263.0,1376610652669,-537046777827,,,,,,,,522690765,,,,1726802000,,2037655705680,2164036215452,689072416196,815452925968,-145757948055.0,-173987733001.0,,191677964.0,1422401305680,,,815452925968,,615254400000,13219657500,19793389249,,29664000.0,,,2430194026.0,578854813.0,117225376946,,,132269507084.0,,,,,191677964.0,2013-Q1,1228800226369.0,,,646582665.0,2853108631648,2853108631648,645337905.0
469201559034.0,,,364737019800.0,,,,,,415493777269,13559241972,,600000000000.0,,,,415493777269,,1200000000000,,121000000000.0,,,,,,,,,718433676,84848234,15225000000.0,331248333853,,,16077537014,,,,,,,,1028258949878,,151182496,90996040922,,564739381750.0,,,,,,,,364737019800.0,250862089950.0,-50859728000.0,2037700818,,,1833156610,8493526750.0,,,,12685435621,,,,27028827532.0,1966843945.0,15614210000.0,,,328018334236,4470876263.0,1466616756486,-544451348184,,,,,,,,290449838,,,,1529502000,,2001611726929,2115356790970,694303291570,808048355611,-137976515665.0,-254549934367.0,,82757064.0,1386386726929,,,808048355611,,615225000000,15422062582,18511875484,,29664000.0,,,3661644744.0,7595844813.0,114141847238,,,214651624667.0,,,,,82757064.0,2012-Q4,1272185966513.0,,,859964666.0,2809660082540,2809660082540,1158971785.0
575256549713.0,0.0,0.0,429655719800.0,0.0,0.0,0.0,,0.0,429705223243,15704684178,,600000000000.0,0.0,,0.0,429705223243,,1200000000000,0.0,121000000000.0,0.0,0.0,0.0,0.0,0.0,0.0,,0.0,422814250,90210452,0.0,164930972074,,0.0,33767609547,0.0,,0.0,0.0,0.0,0.0,,1203171549766,0.0,190230496,92299513383,0.0,566082381750.0,,0.0,0.0,,,0.0,0.0,429655719800.0,188343389950.0,-51916728000.0,1700680417,0.0,,2279418071,8493526750.0,,,,12685435621,,,0.0,27034159409.0,2288696745.0,26958505916.0,,0.0,580388007,4588412818.0,1200143353162,-548714060965,,,,,,,0.0,84628675580,0.0,0.0,0.0,1849502000,,1930321155980,2034366346744,699863320498,803908511262,-91749239921.0,-201208683390.0,0.0,139191664.0,1330321155980,,,803908511262,0.0,600000000000,18013766249,30330712352,0.0,29664000.0,0.0,0.0,2615421069.0,3004754813.0,115767172499,0.0,0.0,374047866323.0,,0.0,0.0,0.0,139191664.0,2012-Q3,1125682698506.0,0.0,0.0,1671526019.0,2734229667242,2734229667242.0,1278922503.0
568966428812.0,0.0,0.0,444655719800.0,0.0,0.0,0.0,,0.0,386871127544,18227866884,,600000000000.0,910081406465.0,,0.0,386871127544,,1200000000000,0.0,121000000000.0,0.0,0.0,0.0,0.0,0.0,0.0,,0.0,814901876,75844723,0.0,154620696833,,0.0,16886281664,0.0,,0.0,0.0,0.0,0.0,,356308038183,0.0,256869496,93602985843,0.0,580602381750.0,,0.0,0.0,,,0.0,0.0,444655719800.0,188343389950.0,-52396728000.0,2843551551,0.0,,2741046540,8493526750.0,,,,12685435621,,,0.0,27060347991.0,2271207157.0,47159124154.0,,0.0,1203572773,5099912818.0,1251637165614,-549838850770,,,,,,,0.0,84599547877,0.0,0.0,0.0,2040502000,,1974728382703,2059395678197,718654114545,803321410039,-100079082228.0,-200728683390.0,0.0,139191664.0,1374728382703,,,803321410039,0.0,600000000000,20998577424,52510447953,0.0,29664000.0,0.0,0.0,1882562833.0,578854813.0,117053155371,0.0,0.0,368237745422.0,,0.0,0.0,0.0,139191664.0,2012-Q2,1196746145159.0,0.0,0.0,2507772248.0,2778049792742,2778049792742.0,349405850.0
