bat_dong_san_va_tu_van,ca_nhan,cac_khoan_chi_dong_gop_theo_luong,cac_khoan_cho_vay_khac,cac_khoan_cho_vay_phan_theo_chat_luong_no_vay,cac_khoan_cho_vay_phan_theo_doi_tuong_khach_hang,cac_khoan_cho_vay_phan_theo_nganh,cac_khoan_cho_vay_phan_theo_nhom_khach_hang,cac_khoan_cho_vay_phan_theo_thoi_gian,cac_khoan_cho_vay_phan_theo_tien_te,cac_khoan_cho_vay_phan_theo_vi_tri_dia_ly,cac_khoan_tien_gui_phan_theo_loai_tien_gui,cac_khoan_tien_gui_phan_theo_loai_tien_te,cac_khoan_tien_gui_phan_theo_nhom_khach_hang,cac_khoan_tra_thay_khach_hang,cac_nganh_khac,car,chi_cho_hoat_dong_quan_ly_cong_vu,chi_cong_tac_xa_hoi,chi_du_phong_tro_cap_thoi_viec,chi_khac,chi_khac_ve_tai_san,chi_khau_hao_tscd,chi_luong_va_phu_cap,chi_nop_phi_bao_hiem_bao_toan_tien_gui_cua_khach_hang,chi_nop_thue_va_cac_khoan_phi_le_phi,chi_phi_cho_nghiep_vu_hoan_doi_lai_suat,chi_phi_cho_nhan_vien,chi_phi_du_phong_giam_gia_cac_khoan_dau_tu_dai_han_va_du_phong_no_kho_doi,chi_phi_hoat_dong,chi_phi_hoat_dong_khac,chi_phi_khac,chi_phi_khac_cho_hoat_dong_tin_dung,chi_phi_lai_va_cac_chi_phi_tuong_tu,chi_phi_ve_mua_ban_chung_khoan_dau_tu,chi_phi_ve_mua_ban_chung_khoan_kinh_doanh,chi_tro_cap,chi_tu_dich_vu_moi_gioi,chi_tu_hoat_dong_bao_hiem,chi_tu_thanh_ly_tai_san,chi_ve_cac_cong_cu_tai_chinh_phai_sinh_khac,chi_ve_cac_cong_cu_tai_chinh_phai_sinh_tien_te,chi_ve_dich_vu_ngan_quy,chi_ve_dich_vu_thanh_toan,chi_ve_dich_vu_vien_thong,chi_ve_giao_dich_kinh_doanh_vang,chi_ve_kinh_doanh_ngoai_te_giao_ngay,chi_ve_nghiep_vu_ban_no,chi_ve_nghiep_vu_uy_thac_va_dai_ly,chi_ve_tai_san,chiet_khau_thuong_phieu_va_giay_to_co_gia,cho_thue_tai_chinh,cho_vay_bang_von_tai_tro_uy_thac_dau_tu,cho_vay_cac_to_chuc_kinh_te_ca_nhan_trong_nuoc,cho_vay_dai_han,cho_vay_doi_voi_cac_to_chuc_ca_nhan_nuoc_ngoai,cho_vay_ngan_han,cho_vay_theo_chi_dinh_cua_chinh_phu,cho_vay_trung_han,chua_niem_yet,chung_khoan_dau_tu,chung_khoan_dau_tu_giu_den_ngay_dao_han,chung_khoan_dau_tu_san_sang_de_ban,chung_khoan_kinh_doanh_khac,chung_khoan_no,chung_khoan_no_nuoc_ngoai,chung_khoan_von,chung_khoan_von_do_cac_tckt_trong_nuoc_phat_hanh,chung_khoan_von_do_cac_tctd_khac_phat_hanh,chung_khoan_von_do_cac_tctd_khac_trong_nuoc_phat_hanh,chung_khoan_von_nuoc_ngoai,cong_nghiep_che_bien_che_tao,cong_no_phai_tra_lai,cong_ty_tnhh_va_co_phan,cung_cap_nuoc_quan_ly_va_xu_ly_rac_thai_nuoc_thai,da_niem_yet,dich_vu_cong_dong_va_ca_nhan,dich_vu_tai_chinh,doanh_nghiep_nha_nuoc,doanh_nghiep_nuoc_ngoai,doanh_nghiep_tu_nhan,dong_bang_song_cuu_long,du_phong_chung,du_phong_cu_the,du_phong_giam_gia,du_phong_rui_ro_chung_khoan_dau_tu_giu_den_ngay_dao_han,du_phong_rui_ro_chung_khoan_kinh_doanh,du_phong_rui_ro_chung_khoan_san_sang_de_ban,du_phong_trai_phieu_dac_biet,giao_duc_va_dao_tao,ha_noi,hoan_nhap_du_phong_giam_gia_chung_khoan_dau_tu_giu_den_ngay_dao_han,hoan_nhap_du_phong_giam_gia_chung_khoan_dau_tu_san_sang_de_ban,hoan_nhap_du_phong_giam_gia_chung_khoan_kinh_doanh,hoat_dong_cac_to_chuc_va_doan_the_quoc_te,hoat_dong_chuyen_mon_khoa_hoc_va_cong_nghe,hoat_dong_cua_dang_to_chuc_chinh_tri_xa_hoi_quan_ly_nha_nuoc_an_ninh_quoc_phong_bao_dam_xh_bat_buoc,hoat_dong_dich_vu_khac,hoat_dong_hanh_chinh_va_cac_dich_vu_ho_tro,hoat_dong_lam_thue_cac_cong_viec_trong_cac_ho_gia_dinh_san_xuat_vat_chat_va_dich_vu_tu_tieu_dung_cua_ho_gia_dinh,hoat_dong_phuc_vu_ca_nhan_va_cong_dong,hop_tac_xa_va_cong_ty_tu_nhan,khac,khach_san_va_nha_hang,khai_khoang,kho_bai_van_tai_vien_thong,lai_chenh_lech_ty_gia_ngoai_te_kinh_doanh,lai_thuan_tu_hoat_dong_dich_vu,lai_thuan_tu_hoat_dong_khac,lai_thuan_tu_hoat_dong_kinh_doanh_ngoai_hoi,lai_thuan_tu_mua_ban_chung_khoan_dau_tu,lai_thuan_tu_mua_ban_chung_khoan_kinh_doanh,lai_tu_thanh_ly_cac_khoan_dau_tu_dai_han_khac,lo_chenh_lech_ty_gia_ngoai_te_kinh_doanh,lo_do_thanh_ly_cac_khoan_dau_tu_dai_han_khac,ma_cp,mien_trung,nghe_thuat_vui_choi_giai_tri,ngoai_te,ngoai_te_va_vang,no_can_chu_y,no_cho_vay_duoc_khoanh_va_no_cho_xu_ly,no_du_tieu_chuan,no_duoi_tieu_chuan,no_nghi_ngo,no_xau_co_kha_nang_mat_von,nong_nghiep_va_lam_nghiep,quy_cua_to_chuc_tin_dung,quy_dau_tu_phat_trien,quy_du_phong_tai_chinh,quy_du_tru_bo_sung_von_dieu_le,report_period,san_xuat,san_xuat_va_phan_phoi_dien_khi_dot_va_nuoc_nong_hoi_nuoc_va_dieu_hoa_khong_khi,tai_san_sinh_lai,thong_tin_va_truyen_thong,thu_khac,thu_khac_tu_hoat_dong_tin_dung,thu_lai_tu_chung_khoan_dau_tu,thu_lai_tu_chung_khoan_kinh_doanh,thu_lai_tu_kinh_doanh_dau_tu_chung_khoan_no,thu_nhap_khac,thu_nhap_lai_cho_thue_tai_chinh,thu_nhap_lai_cho_vay_khach_hang,thu_nhap_lai_tien_gui,thu_nhap_lai_va_cac_khoan_thu_nhap_tuong_tu,thu_nhap_tu_cac_khoan_cho_vay_da_xu_ly_bang_quy_du_phong_rui_ro,thu_nhap_tu_mua_ban_chung_khoan_dau_tu,thu_nhap_tu_mua_ban_chung_khoan_kinh_doanh,thu_nhap_ve_cac_cong_cu_tai_chinh_phai_sinh_khac,thu_tu_cac_cong_cu_tai_chinh_phai_sinh_tien_te,thu_tu_dich_vu_moi_gioi,thu_tu_dich_vu_ngan_quy,thu_tu_dich_vu_thanh_toan,thu_tu_giao_dich_kinh_doanh_vang,thu_tu_hoat_dong_bao_hiem,thu_tu_kinh_doanh_ngoai_te_giao_ngay,thu_tu_nghiep_vu_bao_lanh,thu_tu_nghiep_vu_mua_ban_no,thu_tu_nghiep_vu_uy_thac_va_dai_ly,thu_tu_thanh_ly_tai_san_co_dinh,thu_ve_nghiep_vu_tat_toan_trai_phieu_vamc,thuong_mai,tien_gui_cho_nhung_muc_dich_rieng_biet,tien_gui_co_ky_han,tien_gui_khong_ky_han,tien_gui_ky_quy,tien_gui_tiet_kiem,tinh_trang_niem_yet_cua_cac_chung_khoan_kinh_doanh,tp_ho_chi_minh,tra_lai_phat_hanh_trai_phieu_va_giay_to_co_gia,tra_lai_tien_gui,tra_lai_tien_vay,trading_securities,trai_phieu_chinh_phu,trai_phieu_chinh_phu_bao_lanh,trai_phieu_dac_biet_do_vamc_phat_hanh,trai_phieu_do_cac_tckt_trong_nuoc_phat_hanh,trai_phieu_do_cac_tctd_khac_trong_nuoc_phat_hanh,trai_phieu_do_chinh_phu_bao_lanh,van_tai_kho_bai,vnd,xay_dung,y_te_va_hoat_dong_cuu_tro_xa_hoi
0.0,0.0,0.0,0.0,163948354000000.0,163948354000000.0,0.0,0.0,163948354000000.0,163948354000000.0,0.0,181390553000000.0,181390553000000.0,0.0,4422000000.0,0.0,0.0,87790000000.0,0.0,0.0,-119514000000.0,174714000000.0,64938000000.0,726800000000.0,44174000000.0,27754000000.0,0.0,726800000000.0,-1483000000.0,1267035000000.0,142348000000.0,-40087000000.0,1411000000.0,2433383000000.0,-70982000000.0,-125787000000.0,0.0,-6887000000.0,0.0,0.0,-100807000000.0,-313947000000.0,-14982000000.0,-86996000000.0,0.0,0.0,-16857000000.0,0.0,0.0,239652000000.0,1007489000000.0,0.0,417232000000.0,162516776000000.0,53233288000000.0,2435000000.0,68651536000000.0,0.0,42063530000000.0,0.0,65527930000000.0,5992949000000.0,59534981000000.0,0.0,88841185000000.0,0.0,45937000000.0,91874000000.0,0.0,0.0,0.0,0.0,0.0,0.0,0.0,0.0,0.0,0.0,0.0,0.0,0.0,0.0,-658338000000.0,0.0,-3132000000.0,-211914000000.0,-8576000000.0,0.0,0.0,0.0,0.0,0.0,-20516000000.0,8448000000.0,0.0,0.0,0.0,0.0,0.0,0.0,0.0,0.0,1422000000.0,0.0,0.0,0.0,0.0,491695000000.0,229304000000.0,45317000000.0,441802000000.0,10562000000.0,0.0,0.0,0.0,,0.0,0.0,11383549000000.0,9954335000000.0,2802459000000.0,0.0,158077465000000.0,444550000000.0,926667000000.0,1697213000000.0,0.0,6147506000000.0,0.0,2166421000000.0,3980611000000.0,,0.0,0.0,0.0,0.0,41102000000.0,171961000000.0,937972000000.0,0.0,937972000000.0,66127000000.0,0.0,3759638000000.0,110484000000.0,4980055000000.0,161353000000.0,533300000000.0,127901000000.0,142718000000.0,213969000000.0,25800000000.0,351000000.0,367051000000.0,0.0,100352000000.0,162152000000.0,110851000000.0,0.0,14810000000.0,0.0,0.0,0.0,0.0,139372119000000.0,38546717000000.0,3471717000000.0,0.0,0.0,0.0,352905000000.0,1958649000000.0,120418000000.0,3570608000000.0,33733629000000.0,138969000000.0,0.0,60784446000000.0,55706172000000.0,24096350000000.0,0.0,648002046000000.0,0.0,0.0
20065599000000.0,405961966000000.0,0.0,0.0,166700421000000.0,166700421000000.0,166700421000000.0,166700421000000.0,166700421000000.0,166700421000000.0,0.0,186283209000000.0,186283209000000.0,186283209000000.0,93708000000.0,64481182000000.0,0.0,123890000000.0,0.0,0.0,-148304000000.0,170399000000.0,65904000000.0,712228000000.0,47524000000.0,25680000000.0,0.0,712228000000.0,-1757000000.0,1150302000000.0,6434000000.0,0.0,-1411000000.0,2412512000000.0,-146934000000.0,-14139000000.0,0.0,0.0,0.0,0.0,0.0,-186046000000.0,-7945000000.0,-99933000000.0,0.0,0.0,-7469000000.0,0.0,0.0,236303000000.0,1326203000000.0,0.0,410711000000.0,164868347000000.0,54406659000000.0,1452000000.0,71772170000000.0,0.0,40521592000000.0,7506489000000.0,54618895000000.0,4136653000000.0,50482242000000.0,0.0,107366218000000.0,0.0,0.0,0.0,0.0,0.0,0.0,18908055000000.0,0.0,89808387000000.0,24293000000.0,14614698000000.0,13647176000000.0,6310447000000.0,22983478000000.0,8861822000000.0,54845000000.0,0.0,-492903000000.0,0.0,-46773000000.0,-34547000000.0,-17343000000.0,-128002000000.0,0.0,2203196000000.0,0.0,0.0,49365000000.0,-8767000000.0,0.0,795014000000.0,0.0,11241117000000.0,2267624000000.0,88174000000.0,0.0,1207054000000.0,1486812000000.0,6237407000000.0,1137746000000.0,4676803000000.0,0.0,687924000000.0,0.0,152927000000.0,301222000000.0,-12145000000.0,0.0,0.0,0.0,,0.0,3180000000.0,10726297000000.0,10132743000000.0,2283259000000.0,0.0,161020965000000.0,1050592000000.0,363608000000.0,1981997000000.0,199547000000.0,6147506000000.0,0.0,2166421000000.0,3980611000000.0,,23864267000000.0,3794173000000.0,0.0,1286474000000.0,123784000000.0,88564000000.0,782284000000.0,0.0,782284000000.0,0.0,0.0,3887127000000.0,158483000000.0,47431039000000.0,0.0,398791000000.0,10761000000.0,0.0,144449000000.0,0.0,603000000.0,435310000000.0,0.0,191702000000.0,201993000000.0,122341000000.0,0.0,-3786000000.0,0.0,0.0,16543427000000.0,0.0,140420483000000.0,41640706000000.0,4222020000000.0,0.0,7373729000000.0,0.0,357689000000.0,1964861000000.0,91373000000.0,7356386000000.0,39172400000000.0,138969000000.0,0.0,60297363000000.0,26014248000000.0,22801228000000.0,3390329000000.0,664249180000000.0,9726260000000.0,47081000000.0
0.0,0.0,0.0,0.0,166938850000000.0,166938850000000.0,0.0,0.0,166938850000000.0,166938850000000.0,0.0,193583132000000.0,193583132000000.0,0.0,94998000000.0,0.0,0.0,101296000000.0,0.0,0.0,-192720000000.0,192341000000.0,64639000000.0,684696000000.0,50433000000.0,22050000000.0,0.0,684696000000.0,0.0,1314671000000.0,199216000000.0,0.0,0.0,2560876000000.0,-119752000000.0,-39865000000.0,0.0,0.0,0.0,0.0,0.0,-689041000000.0,-14659000000.0,-128718000000.0,0.0,0.0,-6000000.0,0.0,0.0,256980000000.0,555244000000.0,0.0,415141000000.0,165869884000000.0,57175071000000.0,3583000000.0,70212691000000.0,0.0,39551088000000.0,0.0,69000379000000.0,15941154000000.0,53059225000000.0,0.0,117995054000000.0,0.0,0.0,0.0,0.0,0.0,0.0,0.0,0.0,0.0,0.0,0.0,0.0,0.0,0.0,0.0,0.0,0.0,-766455000000.0,0.0,-51084000000.0,-45046000000.0,-10287000000.0,-217180000000.0,0.0,0.0,0.0,0.0,-99677000000.0,7056000000.0,0.0,0.0,0.0,0.0,0.0,0.0,0.0,0.0,1422000000.0,0.0,0.0,0.0,0.0,932136000000.0,0.0,48455000000.0,-39389000000.0,116620000000.0,0.0,0.0,0.0,,0.0,0.0,11025045000000.0,9370870000000.0,2853411000000.0,0.0,160657223000000.0,452663000000.0,948730000000.0,2026823000000.0,0.0,2650914000000.0,0.0,2166421000000.0,484019000000.0,,0.0,0.0,0.0,0.0,51628000000.0,561317000000.0,1052060000000.0,0.0,1052060000000.0,0.0,0.0,3905562000000.0,158842000000.0,5677781000000.0,0.0,180040000000.0,149429000000.0,0.0,140053000000.0,83633000000.0,569000000.0,452627000000.0,0.0,176716000000.0,597449000000.0,383302000000.0,0.0,23398000000.0,0.0,0.0,0.0,0.0,145676739000000.0,43750149000000.0,4156244000000.0,0.0,0.0,0.0,344867000000.0,2108402000000.0,107607000000.0,5576396000000.0,24697646000000.0,0.0,0.0,115560357000000.0,30174411000000.0,24563790000000.0,0.0,680252134000000.0,0.0,0.0
0.0,0.0,0.0,0.0,159942048000000.0,159942048000000.0,0.0,0.0,159942048000000.0,159942048000000.0,0.0,201471336000000.0,201471336000000.0,0.0,94473000000.0,0.0,0.0,364687000000.0,0.0,0.0,-255872000000.0,222996000000.0,64122000000.0,1116234000000.0,51682000000.0,27119000000.0,0.0,1116234000000.0,45000000.0,2108849000000.0,261964000000.0,-201758000000.0,0.0,2616916000000.0,-52006000000.0,-8074000000.0,0.0,0.0,0.0,0.0,-569347000000.0,-302112000000.0,-20516000000.0,-202133000000.0,0.0,0.0,-130088000000.0,0.0,0.0,287118000000.0,361280000000.0,0.0,472609000000.0,158974458000000.0,62782363000000.0,39228000000.0,60381950000000.0,0.0,36777735000000.0,0.0,86512348000000.0,20076778000000.0,66435570000000.0,0.0,150083127000000.0,0.0,4000000.0,8000000.0,0.0,0.0,0.0,0.0,0.0,0.0,0.0,0.0,0.0,0.0,0.0,0.0,0.0,0.0,-1067580000000.0,0.0,-12342000000.0,-159422000000.0,-10861000000.0,-189691000000.0,0.0,0.0,0.0,0.0,-86867000000.0,-574000000.0,0.0,0.0,0.0,0.0,0.0,0.0,0.0,0.0,1422000000.0,0.0,0.0,0.0,0.0,1361203000000.0,580376000000.0,-12948000000.0,52950000000.0,53396000000.0,0.0,0.0,0.0,,0.0,0.0,13572794000000.0,9352730000000.0,2587646000000.0,0.0,154550953000000.0,237758000000.0,862510000000.0,1703181000000.0,0.0,3867846000000.0,0.0,2975083000000.0,892289000000.0,,0.0,0.0,0.0,0.0,81206000000.0,182036000000.0,1368556000000.0,0.0,1368556000000.0,60047000000.0,0.0,3908106000000.0,178606000000.0,5637304000000.0,606155000000.0,191823000000.0,62044000000.0,685279000000.0,350495000000.0,34939000000.0,1000000000.0,508066000000.0,0.0,253709000000.0,68757000000.0,654770000000.0,0.0,178098000000.0,0.0,0.0,0.0,0.0,143613379000000.0,54669417000000.0,3188540000000.0,0.0,0.0,0.0,297660000000.0,2201812000000.0,117444000000.0,7572229000000.0,21310457000000.0,1711904000000.0,0.0,178968228000000.0,28246623000000.0,22288324000000.0,0.0,676975720000000.0,0.0,0.0
0.0,0.0,0.0,0.0,163835435000000.0,163835435000000.0,0.0,0.0,163835435000000.0,163835435000000.0,0.0,207978332000000.0,207978332000000.0,0.0,94379000000.0,0.0,0.0,222016000000.0,0.0,0.0,-177644000000.0,177895000000.0,68617000000.0,953630000000.0,52463000000.0,30859000000.0,0.0,953630000000.0,0.0,1607495000000.0,102015000000.0,-51003000000.0,1107000000.0,2643365000000.0,-27193000000.0,-13327000000.0,0.0,-2405000000.0,0.0,0.0,-591872000000.0,-323277000000.0,-11689000000.0,-216387000000.0,0.0,0.0,-12318000000.0,0.0,0.0,246512000000.0,1015424000000.0,0.0,411923000000.0,162303468000000.0,69883697000000.0,10241000000.0,61051528000000.0,0.0,32900210000000.0,0.0,87619240000000.0,15687653000000.0,71931587000000.0,0.0,136072840000000.0,0.0,5517000000.0,12000000.0,0.0,5511000000.0,0.0,0.0,0.0,0.0,0.0,0.0,0.0,0.0,0.0,0.0,0.0,0.0,-1388364000000.0,0.0,-48723000000.0,-118547000000.0,-10980000000.0,-349502000000.0,0.0,0.0,0.0,-107304000000.0,-11632000000.0,-119000000.0,0.0,0.0,0.0,0.0,0.0,0.0,0.0,0.0,1422000000.0,0.0,0.0,0.0,0.0,497922000000.0,305712000000.0,9162000000.0,63970000000.0,84597000000.0,0.0,0.0,0.0,,0.0,0.0,11387353000000.0,11306396000000.0,3550498000000.0,0.0,157361104000000.0,293166000000.0,323564000000.0,2307103000000.0,0.0,3867819000000.0,0.0,2975056000000.0,892289000000.0,,0.0,0.0,0.0,0.0,71887000000.0,145779000000.0,2223010000000.0,0.0,2223010000000.0,70618000000.0,0.0,3485901000000.0,219091000000.0,6073781000000.0,157810000000.0,210099000000.0,98043000000.0,720159000000.0,237189000000.0,24413000000.0,1168000000.0,458045000000.0,0.0,172763000000.0,107568000000.0,52500000000.0,0.0,36449000000.0,0.0,0.0,0.0,0.0,149407095000000.0,55558647000000.0,3012590000000.0,0.0,0.0,0.0,239533000000.0,2320526000000.0,82199000000.0,5448576000000.0,32122987000000.0,0.0,0.0,165449667000000.0,62708403000000.0,0.0,0.0,698240036000000.0,0.0,0.0
26723425000000.0,495453098000000.0,0.0,0.0,185432165000000.0,185432165000000.0,185432165000000.0,185432165000000.0,185432165000000.0,185432165000000.0,0.0,220262623000000.0,220262623000000.0,220262623000000.0,94117000000.0,85241357000000.0,0.0,109993000000.0,0.0,0.0,-150812000000.0,186254000000.0,77974000000.0,1006334000000.0,56242000000.0,31838000000.0,0.0,1006334000000.0,0.0,1573878000000.0,105243000000.0,34000000000.0,-1107000000.0,2740307000000.0,-38239000000.0,-26396000000.0,0.0,-2129000000.0,0.0,0.0,-572252000000.0,-537073000000.0,-13292000000.0,-256210000000.0,0.0,0.0,-303011000000.0,0.0,0.0,264228000000.0,2112037000000.0,0.0,346469000000.0,182876779000000.0,76567833000000.0,2763000000.0,68113101000000.0,0.0,40751231000000.0,7843857000000.0,100234572000000.0,14287653000000.0,85946919000000.0,0.0,147990489000000.0,0.0,455523000000.0,911046000000.0,0.0,0.0,0.0,23070579000000.0,0.0,90864558000000.0,18424000000.0,1609839000000.0,6863739000000.0,4354820000000.0,25834844000000.0,9638352000000.0,68176000000.0,0.0,-1471356000000.0,0.0,-26853000000.0,-118547000000.0,-7755000000.0,-373101000000.0,0.0,2230614000000.0,0.0,107304000000.0,-130903000000.0,3225000000.0,0.0,783339000000.0,0.0,6493813000000.0,206330000000.0,138283000000.0,0.0,360721000000.0,1095123000000.0,1731944000000.0,1608127000000.0,3948653000000.0,0.0,756311000000.0,469041000000.0,110905000000.0,86393000000.0,69254000000.0,0.0,0.0,0.0,,0.0,1929000000.0,11464798000000.0,12641143000000.0,2819624000000.0,0.0,179311035000000.0,672941000000.0,354372000000.0,2274193000000.0,201098000000.0,3865778000000.0,0.0,2973015000000.0,892289000000.0,,27507903000000.0,2810773000000.0,0.0,659280000000.0,85399000000.0,172491000000.0,1724142000000.0,0.0,1724142000000.0,12148000000.0,0.0,3848583000000.0,193605000000.0,54512440000000.0,267011000000.0,148231000000.0,92425000000.0,728134000000.0,364469000000.0,21868000000.0,1150000000.0,520798000000.0,0.0,217478000000.0,586520000000.0,170290000000.0,0.0,86365000000.0,0.0,0.0,22852933000000.0,0.0,153390424000000.0,63792089000000.0,3080110000000.0,0.0,3151232000000.0,0.0,239207000000.0,2424518000000.0,77689000000.0,3143477000000.0,35900889000000.0,0.0,0.0,181988205000000.0,39632670000000.0,22659106000000.0,3289373000000.0,763177694000000.0,5056970000000.0,23384000000.0
0.0,0.0,0.0,0.0,205317032000000.0,205317032000000.0,0.0,0.0,205317032000000.0,205317032000000.0,0.0,218654681000000.0,218654681000000.0,0.0,99674000000.0,0.0,0.0,286032000000.0,0.0,0.0,83290000000.0,151003000000.0,47261000000.0,1055163000000.0,59558000000.0,24223000000.0,0.0,1055163000000.0,24276000000.0,1794313000000.0,146797000000.0,-4153000000.0,0.0,2650732000000.0,-91806000000.0,-26388000000.0,0.0,-4093000000.0,0.0,0.0,-555631000000.0,-358018000000.0,-15899000000.0,-488029000000.0,0.0,0.0,-409753000000.0,0.0,0.0,198264000000.0,1536650000000.0,0.0,293146000000.0,203387005000000.0,92386032000000.0,557000000.0,70756517000000.0,0.0,42174483000000.0,0.0,82568226000000.0,8599128000000.0,73969098000000.0,0.0,120898804000000.0,0.0,455524000000.0,911048000000.0,0.0,0.0,0.0,0.0,0.0,0.0,0.0,0.0,0.0,0.0,0.0,0.0,0.0,0.0,-1230540000000.0,0.0,-26604000000.0,-107072000000.0,-10360000000.0,-301616000000.0,0.0,0.0,0.0,-50568000000.0,133528000000.0,-2605000000.0,0.0,0.0,0.0,0.0,0.0,0.0,0.0,0.0,1422000000.0,0.0,0.0,0.0,0.0,635487000000.0,419130000000.0,18069000000.0,445702000000.0,111482000000.0,0.0,0.0,0.0,,0.0,0.0,11810694000000.0,13079819000000.0,1888032000000.0,0.0,199725064000000.0,646373000000.0,744710000000.0,2312853000000.0,0.0,3858169000000.0,0.0,2965406000000.0,892289000000.0,,0.0,0.0,0.0,0.0,101810000000.0,220830000000.0,1605222000000.0,0.0,1605222000000.0,49357000000.0,0.0,4370365000000.0,179020000000.0,6375437000000.0,193934000000.0,454548000000.0,140475000000.0,735515000000.0,428069000000.0,32286000000.0,1029000000.0,618692000000.0,0.0,201982000000.0,357771000000.0,114410000000.0,108000000.0,31654000000.0,0.0,0.0,0.0,0.0,153155457000000.0,62833101000000.0,2666123000000.0,0.0,0.0,0.0,228500000000.0,2353824000000.0,68408000000.0,6977978000000.0,45212375000000.0,0.0,0.0,124443456000000.0,36745467000000.0,22208650000000.0,0.0,798162400000000.0,0.0,0.0
0.0,0.0,0.0,0.0,230802027000000.0,230802027000000.0,0.0,0.0,230802027000000.0,230802027000000.0,0.0,231296761000000.0,231296761000000.0,0.0,93574000000.0,0.0,0.0,514002000000.0,0.0,0.0,-204482000000.0,220392000000.0,61134000000.0,1246531000000.0,60568000000.0,26189000000.0,0.0,1246531000000.0,0.0,2336823000000.0,208007000000.0,-104145000000.0,0.0,2724093000000.0,-168256000000.0,-128236000000.0,0.0,-23110000000.0,0.0,0.0,-773295000000.0,-370078000000.0,-24836000000.0,-348152000000.0,0.0,0.0,82140000000.0,0.0,0.0,281526000000.0,1265635000000.0,0.0,254269000000.0,229188139000000.0,97774844000000.0,410000000.0,85584018000000.0,0.0,47443165000000.0,0.0,66054597000000.0,138256000000.0,65916341000000.0,0.0,96268092000000.0,0.0,655524000000.0,911048000000.0,0.0,200000000000.0,0.0,0.0,0.0,0.0,0.0,0.0,0.0,0.0,0.0,0.0,0.0,0.0,-936357000000.0,0.0,-16218000000.0,-63750000000.0,-11407000000.0,-242368000000.0,0.0,0.0,0.0,0.0,102570000000.0,-1361000000.0,0.0,0.0,0.0,0.0,0.0,0.0,0.0,0.0,1422000000.0,0.0,0.0,0.0,0.0,1363633000000.0,612845000000.0,-33555000000.0,647694000000.0,132331000000.0,0.0,0.0,0.0,,0.0,0.0,11847837000000.0,11912935000000.0,2152498000000.0,0.0,225571653000000.0,218128000000.0,305230000000.0,2554518000000.0,0.0,5172684000000.0,0.0,3839319000000.0,1332891000000.0,,0.0,0.0,0.0,0.0,128483000000.0,234136000000.0,1241840000000.0,0.0,1241840000000.0,53079000000.0,0.0,5023081000000.0,129245000000.0,6628302000000.0,461481000000.0,713380000000.0,261928000000.0,975702000000.0,292194000000.0,41956000000.0,1219000000.0,676718000000.0,0.0,339659000000.0,-37811000000.0,633123000000.0,23000000.0,40814000000.0,0.0,0.0,0.0,0.0,151581145000000.0,76053396000000.0,3662220000000.0,0.0,0.0,0.0,274515000000.0,2322313000000.0,127265000000.0,10041556000000.0,36304018000000.0,185821000000.0,0.0,91794741000000.0,33491967000000.0,24627398000000.0,0.0,876676032000000.0,0.0,0.0
0.0,0.0,0.0,0.0,232021072000000.0,232021072000000.0,0.0,0.0,232021072000000.0,232021072000000.0,0.0,235098792000000.0,235098792000000.0,0.0,95349000000.0,0.0,0.0,307993000000.0,0.0,0.0,-178640000000.0,237503000000.0,76326000000.0,1259154000000.0,61483000000.0,33511000000.0,0.0,1259154000000.0,60000000.0,2137714000000.0,161684000000.0,-28471000000.0,0.0,2791774000000.0,-296134000000.0,-178847000000.0,0.0,-4067000000.0,0.0,0.0,-789729000000.0,-884898000000.0,-10678000000.0,-343313000000.0,0.0,0.0,0.0,0.0,0.0,313829000000.0,1714458000000.0,0.0,202812000000.0,230007548000000.0,83654191000000.0,905000000.0,97622843000000.0,0.0,50744038000000.0,0.0,85389715000000.0,697915000000.0,84691800000000.0,0.0,117960226000000.0,0.0,655532000000.0,911064000000.0,0.0,200000000000.0,0.0,0.0,0.0,0.0,0.0,0.0,0.0,0.0,0.0,0.0,0.0,0.0,-900885000000.0,0.0,-590046000000.0,-2085000000.0,-9402000000.0,-485490000000.0,0.0,0.0,0.0,7078000000.0,-188535000000.0,2005000000.0,0.0,0.0,0.0,0.0,0.0,0.0,0.0,0.0,1422000000.0,0.0,0.0,0.0,0.0,862001000000.0,353831000000.0,-28303000000.0,557197000000.0,73326000000.0,0.0,0.0,0.0,,0.0,0.0,11189076000000.0,12885419000000.0,2359019000000.0,0.0,227132320000000.0,405409000000.0,294230000000.0,1830094000000.0,0.0,5172679000000.0,0.0,3839314000000.0,1332891000000.0,,0.0,0.0,0.0,0.0,112966000000.0,155913000000.0,1315107000000.0,0.0,1315107000000.0,23071000000.0,0.0,5404889000000.0,128277000000.0,7004186000000.0,136222000000.0,1034788000000.0,250168000000.0,1012738000000.0,261243000000.0,36012000000.0,1026000000.0,678605000000.0,0.0,141732000000.0,595352000000.0,290198000000.0,0.0,48840000000.0,0.0,0.0,0.0,0.0,159368455000000.0,72172295000000.0,3558042000000.0,0.0,0.0,0.0,296975000000.0,2339380000000.0,155419000000.0,10436754000000.0,61815937000000.0,0.0,0.0,117000783000000.0,28103292000000.0,25354862000000.0,0.0,886090738000000.0,0.0,0.0
69504581000000.0,580511130000000.0,0.0,0.0,231665787000000.0,231665787000000.0,231665787000000.0,231665787000000.0,231665787000000.0,231665787000000.0,0.0,249857269000000.0,249857269000000.0,249857269000000.0,0.0,103183545000000.0,0.1687,74251000000.0,0.0,0.0,-162338000000.0,135524000000.0,82071000000.0,1196476000000.0,66200000000.0,34094000000.0,0.0,1196476000000.0,0.0,1697493000000.0,108877000000.0,-54854000000.0,8472000000.0,2695513000000.0,-146877000000.0,-45422000000.0,0.0,-7523000000.0,0.0,0.0,-807204000000.0,-221306000000.0,-16055000000.0,-305750000000.0,0.0,0.0,-981954000000.0,0.0,0.0,217595000000.0,2048739000000.0,0.0,165769000000.0,229450422000000.0,95224614000000.0,857000000.0,80149527000000.0,0.0,56291646000000.0,2998839000000.0,69556147000000.0,694750000000.0,68861397000000.0,0.0,126810296000000.0,0.0,655943000000.0,911886000000.0,0.0,200000000000.0,0.0,18620680000000.0,0.0,120237218000000.0,22542000000.0,25094856000000.0,563527000000.0,1829434000000.0,22931202000000.0,11399122000000.0,62584000000.0,0.0,-887340000000.0,0.0,-153600000000.0,-5250000000.0,-24278000000.0,-317452000000.0,0.0,1375108000000.0,0.0,1077000000.0,163796000000.0,-14876000000.0,0.0,300818000000.0,0.0,85987000000.0,416833000000.0,0.0,0.0,295851000000.0,906921000000.0,652671000000.0,1252868000000.0,2432856000000.0,0.0,1112625000000.0,407756000000.0,-30213000000.0,235223000000.0,92559000000.0,0.0,0.0,0.0,,0.0,14227000000.0,11079835000000.0,11857184000000.0,2334533000000.0,0.0,227230835000000.0,799809000000.0,397642000000.0,902968000000.0,17958000000.0,5172660000000.0,0.0,3839295000000.0,1332891000000.0,,22287503000000.0,2391413000000.0,0.0,650105000000.0,192293000000.0,171562000000.0,1546053000000.0,0.0,1546053000000.0,85139000000.0,0.0,4799428000000.0,113848000000.0,59835734000000.0,125561000000.0,217227000000.0,152857000000.0,1059114000000.0,737243000000.0,45027000000.0,390000000.0,612313000000.0,0.0,187881000000.0,435804000000.0,258500000000.0,0.0,226718000000.0,0.0,0.0,24230746000000.0,0.0,163861847000000.0,81424095000000.0,4571327000000.0,0.0,9364565000000.0,0.0,333176000000.0,2173893000000.0,179972000000.0,9340287000000.0,34863204000000.0,156867000000.0,0.0,116609586000000.0,23241837000000.0,20555636000000.0,1782751000000.0,917172074000000.0,6468780000000.0,46480000000.0
0.0,0.0,0.0,0.0,230715706000000.0,230715706000000.0,0.0,0.0,230715706000000.0,230715706000000.0,0.0,252572479000000.0,252572479000000.0,0.0,0.0,0.0,0.0,524680000000.0,0.0,0.0,178018000000.0,203043000000.0,93457000000.0,1320106000000.0,68839000000.0,27019000000.0,0.0,1320106000000.0,9675000000.0,2489180000000.0,242361000000.0,-150698000000.0,11995000000.0,2553225000000.0,-184730000000.0,-86779000000.0,0.0,-6475000000.0,0.0,0.0,-676203000000.0,-224773000000.0,-16860000000.0,-506927000000.0,0.0,0.0,0.0,0.0,0.0,296500000000.0,1448229000000.0,0.0,134985000000.0,229131680000000.0,93471638000000.0,812000000.0,80014791000000.0,0.0,57229277000000.0,0.0,94911279000000.0,198500000000.0,94712779000000.0,0.0,125332896000000.0,0.0,655943000000.0,911886000000.0,0.0,200000000000.0,0.0,0.0,0.0,0.0,0.0,0.0,0.0,0.0,0.0,0.0,0.0,0.0,-1303539000000.0,0.0,-184749000000.0,-1500000000.0,-8412000000.0,-486184000000.0,0.0,0.0,0.0,-137232000000.0,-27750000000.0,15866000000.0,0.0,0.0,0.0,0.0,0.0,0.0,0.0,0.0,1422000000.0,0.0,0.0,0.0,0.0,1145018000000.0,826528000000.0,45850000000.0,203813000000.0,127725000000.0,0.0,0.0,0.0,,0.0,0.0,10957441000000.0,11451605000000.0,1978964000000.0,0.0,227352692000000.0,389140000000.0,569505000000.0,425405000000.0,0.0,5172187000000.0,0.0,3838822000000.0,1332891000000.0,,0.0,0.0,0.0,0.0,80165000000.0,255699000000.0,1557614000000.0,0.0,1557614000000.0,116950000000.0,0.0,5827704000000.0,59888000000.0,7700905000000.0,575070000000.0,553525000000.0,198638000000.0,961409000000.0,170656000000.0,55747000000.0,421000000.0,768389000000.0,0.0,211371000000.0,99967000000.0,345145000000.0,0.0,125033000000.0,0.0,0.0,0.0,0.0,155146949000000.0,93825733000000.0,3599797000000.0,0.0,0.0,0.0,390318000000.0,2019369000000.0,131543000000.0,10054880000000.0,49322533000000.0,0.0,0.0,163934733000000.0,33718128000000.0,21346126000000.0,0.0,921758278000000.0,0.0,0.0
0.0,0.0,0.0,0.0,277524615000000.0,277524615000000.0,0.0,0.0,277524615000000.0,277524615000000.0,0.0,277458651000000.0,277458651000000.0,0.0,0.0,0.0,0.0,279713000000.0,0.0,0.0,-42174000000.0,246275000000.0,134868000000.0,1406828000000.0,71002000000.0,26125000000.0,0.0,1406828000000.0,1288000000.0,2410993000000.0,244894000000.0,-38611000000.0,16108000000.0,2210191000000.0,-359011000000.0,-196886000000.0,0.0,-20511000000.0,0.0,0.0,-635034000000.0,-153800000000.0,-25368000000.0,-412238000000.0,0.0,0.0,-216102000000.0,0.0,0.0,381143000000.0,1815974000000.0,0.0,113310000000.0,275594164000000.0,99844672000000.0,1167000000.0,92424839000000.0,0.0,85255104000000.0,0.0,84447241000000.0,198500000000.0,84248741000000.0,0.0,109849346000000.0,0.0,455947000000.0,900872000000.0,0.0,5511000000.0,0.0,0.0,0.0,0.0,0.0,0.0,0.0,0.0,0.0,0.0,0.0,0.0,-1120698000000.0,0.0,-66048000000.0,-1500000000.0,-9871000000.0,-384211000000.0,0.0,0.0,0.0,118581000000.0,-17142000000.0,-2164000000.0,0.0,0.0,0.0,0.0,0.0,0.0,0.0,0.0,1422000000.0,0.0,0.0,0.0,0.0,1173319000000.0,678094000000.0,13411000000.0,500764000000.0,27787000000.0,0.0,0.0,0.0,,0.0,0.0,11956065000000.0,18425969000000.0,1805866000000.0,0.0,274423557000000.0,416892000000.0,533944000000.0,344356000000.0,0.0,6789643000000.0,0.0,4917067000000.0,1872102000000.0,,0.0,0.0,0.0,0.0,140087000000.0,242189000000.0,1834040000000.0,0.0,1834040000000.0,47884000000.0,0.0,5558063000000.0,44638000000.0,7678930000000.0,422800000000.0,758336000000.0,226837000000.0,881055000000.0,235470000000.0,73709000000.0,842000000.0,854860000000.0,0.0,286337000000.0,147843000000.0,143807000000.0,0.0,152881000000.0,0.0,0.0,0.0,0.0,149420224000000.0,122972489000000.0,5065938000000.0,0.0,0.0,0.0,398665000000.0,1662859000000.0,132559000000.0,8347576000000.0,38771450000000.0,128615000000.0,0.0,140185962000000.0,44716287000000.0,19136122000000.0,0.0,1049202464000000.0,0.0,0.0
0.0,0.0,0.0,0.0,296290213000000.0,296290213000000.0,0.0,0.0,296290213000000.0,296290213000000.0,0.0,287445926000000.0,287445926000000.0,0.0,0.0,0.0,0.0,498604000000.0,0.0,0.0,-76884000000.0,212514000000.0,102715000000.0,1508519000000.0,73726000000.0,35297000000.0,0.0,1508519000000.0,0.0,2563083000000.0,131708000000.0,-17288000000.0,18140000000.0,2027437000000.0,-107235000000.0,-95451000000.0,0.0,-23390000000.0,0.0,0.0,-602735000000.0,-264947000000.0,-16693000000.0,-303297000000.0,0.0,0.0,-20760000000.0,0.0,0.0,315229000000.0,3474602000000.0,0.0,83990000000.0,292731619000000.0,103883714000000.0,2000000.0,100692500000000.0,0.0,91713999000000.0,0.0,85926193000000.0,198500000000.0,85727693000000.0,0.0,102770678000000.0,0.0,669353000000.0,1338706000000.0,0.0,0.0,0.0,0.0,0.0,0.0,0.0,0.0,0.0,0.0,0.0,0.0,0.0,0.0,-1179669000000.0,0.0,-503211000000.0,-1500000000.0,-12753000000.0,-546707000000.0,0.0,0.0,0.0,-146589000000.0,-15907000000.0,-2882000000.0,0.0,0.0,0.0,0.0,0.0,0.0,0.0,0.0,1422000000.0,0.0,0.0,0.0,0.0,1325072000000.0,671271000000.0,65621000000.0,611531000000.0,134965000000.0,0.0,0.0,0.0,,0.0,0.0,11815954000000.0,15364733000000.0,1808991000000.0,0.0,293345898000000.0,393414000000.0,516506000000.0,225404000000.0,0.0,6789602000000.0,0.0,4917026000000.0,1872102000000.0,,0.0,0.0,0.0,0.0,187556000000.0,238832000000.0,1616975000000.0,0.0,1616975000000.0,21900000000.0,0.0,6243914000000.0,51437000000.0,8151158000000.0,442094000000.0,881262000000.0,233298000000.0,827300000000.0,234909000000.0,107846000000.0,544000000.0,822355000000.0,0.0,249703000000.0,116419000000.0,182500000000.0,0.0,156390000000.0,0.0,0.0,0.0,0.0,160271351000000.0,122684357000000.0,4490218000000.0,0.0,0.0,0.0,390570000000.0,1513317000000.0,105410000000.0,5509124000000.0,38203110000000.0,0.0,0.0,144588543000000.0,41483664000000.0,17718500000000.0,0.0,1113110904000000.0,0.0,0.0
101488823000000.0,676910222000000.0,0.0,0.0,313513991000000.0,313513991000000.0,313513991000000.0,313513991000000.0,313513991000000.0,313513991000000.0,0.0,289334731000000.0,289334731000000.0,289334731000000.0,1416000000.0,128873529000000.0,0.1522,334213000000.0,0.0,0.0,1970000000.0,193398000000.0,136927000000.0,1665898000000.0,77793000000.0,35422000000.0,0.0,1665898000000.0,536000000.0,2590526000000.0,146339000000.0,-108967000000.0,18452000000.0,2133645000000.0,-191396000000.0,-49812000000.0,0.0,-35833000000.0,0.0,0.0,-513416000000.0,-183255000000.0,-17386000000.0,-406410000000.0,0.0,0.0,930000000.0,0.0,0.0,330325000000.0,3207973000000.0,0.0,65246000000.0,310239356000000.0,115729750000000.0,0.0,97118309000000.0,0.0,100665932000000.0,9709347000000.0,87967956000000.0,189357000000.0,87778599000000.0,0.0,133538916000000.0,0.0,869440000000.0,1738880000000.0,0.0,0.0,0.0,23588741000000.0,0.0,178393682000000.0,117299000000.0,13073184000000.0,500314000000.0,8704724000000.0,17378818000000.0,11339388000000.0,94091000000.0,0.0,-1230927000000.0,-53736000000.0,-186306000000.0,-10643000000.0,-14985000000.0,-464695000000.0,0.0,1280120000000.0,0.0,107000000000.0,-34131000000.0,-2232000000.0,0.0,232980000000.0,0.0,103212000000.0,354037000000.0,0.0,0.0,298550000000.0,12609000000.0,281659000000.0,1256423000000.0,3129601000000.0,0.0,1457082000000.0,444451000000.0,100254000000.0,554701000000.0,61654000000.0,0.0,0.0,0.0,,0.0,11653000000.0,11356276000000.0,16780421000000.0,2131440000000.0,0.0,310264082000000.0,397750000000.0,505868000000.0,214851000000.0,507901000000.0,6789525000000.0,0.0,4916949000000.0,1872102000000.0,,28105905000000.0,3143442000000.0,0.0,675348000000.0,179750000000.0,269208000000.0,1690031000000.0,0.0,1690031000000.0,95567000000.0,0.0,6702212000000.0,59994000000.0,79965901000000.0,268916000000.0,673228000000.0,113698000000.0,702351000000.0,215235000000.0,156054000000.0,731000000.0,967614000000.0,0.0,219428000000.0,67344000000.0,237255000000.0,0.0,154894000000.0,0.0,0.0,31915764000000.0,0.0,155925661000000.0,123663985000000.0,9745085000000.0,0.0,7594177000000.0,0.0,357302000000.0,1588185000000.0,169706000000.0,7579192000000.0,38045916000000.0,0.0,0.0,155147988000000.0,44550138000000.0,14800334000000.0,2454253000000.0,1149424050000000.0,9569251000000.0,31412000000.0
0.0,0.0,0.0,0.0,321042016000000.0,321042016000000.0,0.0,0.0,321042016000000.0,321042016000000.0,0.0,316376047000000.0,316376047000000.0,0.0,1416000000.0,0.0,0.0,365617000000.0,0.0,0.0,-31664000000.0,218875000000.0,144352000000.0,1558398000000.0,81372000000.0,32793000000.0,0.0,1558398000000.0,14601000000.0,2627889000000.0,211881000000.0,-256213000000.0,23632000000.0,2377788000000.0,-40076000000.0,-88290000000.0,0.0,-43934000000.0,0.0,0.0,-521288000000.0,-243079000000.0,-17512000000.0,-346960000000.0,0.0,0.0,-177609000000.0,0.0,0.0,363227000000.0,4569744000000.0,0.0,51883000000.0,316418973000000.0,122331919000000.0,0.0,96413123000000.0,0.0,102296974000000.0,0.0,93253518000000.0,160085000000.0,93093433000000.0,0.0,111954521000000.0,0.0,656442000000.0,1312884000000.0,0.0,0.0,0.0,0.0,0.0,0.0,0.0,0.0,0.0,0.0,0.0,0.0,0.0,0.0,-1663608000000.0,0.0,-265590000000.0,-39915000000.0,-36165000000.0,-566986000000.0,0.0,0.0,0.0,-2961000000.0,-128602000000.0,-21180000000.0,0.0,0.0,0.0,0.0,0.0,0.0,0.0,0.0,1422000000.0,0.0,0.0,0.0,0.0,1497039000000.0,155554000000.0,93418000000.0,306408000000.0,-15779000000.0,0.0,0.0,0.0,,0.0,0.0,13023359000000.0,16195734000000.0,2998580000000.0,0.0,316214463000000.0,727250000000.0,658816000000.0,442907000000.0,0.0,6784301000000.0,0.0,4911725000000.0,1872102000000.0,,0.0,0.0,0.0,0.0,158519000000.0,158759000000.0,1883636000000.0,0.0,1883636000000.0,81493000000.0,0.0,7003852000000.0,74030000000.0,9120277000000.0,145948000000.0,478047000000.0,93691000000.0,705614000000.0,502348000000.0,196394000000.0,767000000.0,872599000000.0,0.0,241848000000.0,11758000000.0,281851000000.0,0.0,169299000000.0,0.0,0.0,0.0,0.0,161366732000000.0,120464122000000.0,34545193000000.0,0.0,0.0,0.0,410807000000.0,1663591000000.0,279758000000.0,6080683000000.0,32604971000000.0,0.0,0.0,175325196000000.0,50397981000000.0,12355448000000.0,0.0,1216397940000000.0,0.0,0.0
0.0,0.0,0.0,0.0,347341244000000.0,347341244000000.0,0.0,0.0,347341244000000.0,347341244000000.0,0.0,314752525000000.0,314752525000000.0,0.0,1416000000.0,0.0,0.0,630231000000.0,-632674000000.0,0.0,-68334000000.0,409210000000.0,225192000000.0,1632664000000.0,80836000000.0,43128000000.0,0.0,1632664000000.0,-39650000000.0,3391848000000.0,410237000000.0,240010000000.0,23700000000.0,2265768000000.0,-173986000000.0,-179485000000.0,0.0,-62848000000.0,0.0,0.0,-444251000000.0,-411195000000.0,-19807000000.0,-475728000000.0,0.0,0.0,-11934000000.0,0.0,0.0,634402000000.0,6696171000000.0,0.0,41257000000.0,340602400000000.0,139129739000000.0,0.0,114637983000000.0,0.0,93573522000000.0,6700296000000.0,97586088000000.0,8627000000.0,97577461000000.0,0.0,128482397000000.0,0.0,656539000000.0,1313078000000.0,0.0,0.0,0.0,0.0,0.0,0.0,0.0,8523141000000.0,0.0,0.0,0.0,0.0,0.0,0.0,-1369521000000.0,-683676000000.0,-75726000000.0,-191373000000.0,-3667000000.0,-514601000000.0,0.0,0.0,0.0,30820000000.0,-132193000000.0,24398000000.0,0.0,0.0,0.0,0.0,0.0,0.0,0.0,0.0,1422000000.0,0.0,0.0,0.0,0.0,2103047000000.0,531970000000.0,-27843000000.0,331768000000.0,-28535000000.0,0.0,0.0,0.0,,0.0,0.0,11956065000000.0,18425969000000.0,2144836000000.0,0.0,342902534000000.0,678516000000.0,860243000000.0,755115000000.0,0.0,9155896000000.0,0.0,6490986000000.0,2664436000000.0,,0.0,0.0,0.0,0.0,143842000000.0,241101000000.0,1878199000000.0,0.0,1878199000000.0,208608000000.0,0.0,7309781000000.0,81290000000.0,9510371000000.0,264277000000.0,607127000000.0,126552000000.0,579663000000.0,251301000000.0,286534000000.0,1013000000.0,1076487000000.0,0.0,847339000000.0,143985000000.0,158882000000.0,0.0,181500000000.0,0.0,0.0,0.0,0.0,155894254000000.0,147861145000000.0,10997126000000.0,0.0,5074479000000.0,0.0,476601000000.0,1490945000000.0,274522000000.0,5070812000000.0,31716895000000.0,0.0,0.0,188426379000000.0,54115797000000.0,9167278000000.0,0.0,1263423470000000.0,0.0,0.0
98166233000000.0,0.0,0.0,0.0,365742636000000.0,365742636000000.0,365742636000000.0,0.0,365742636000000.0,365742636000000.0,0.0,328914024000000.0,328914024000000.0,0.0,1416000000.0,171623350000000.0,0.0,605265000000.0,0.0,0.0,-28694000000.0,232029000000.0,169700000000.0,1650030000000.0,84517000000.0,40213000000.0,0.0,1650030000000.0,0.0,3002664000000.0,220910000000.0,-65528000000.0,29353000000.0,2577013000000.0,-59711000000.0,-129775000000.0,0.0,-55978000000.0,0.0,0.0,-418779000000.0,-621282000000.0,-20393000000.0,-619473000000.0,0.0,0.0,-87406000000.0,0.0,0.0,401729000000.0,7906376000000.0,0.0,29565000000.0,357805279000000.0,147440424000000.0,0.0,124370766000000.0,0.0,93931446000000.0,2128932000000.0,120301385000000.0,8627000000.0,120292758000000.0,0.0,143799832000000.0,0.0,656544000000.0,1313088000000.0,0.0,0.0,0.0,31330280000000.0,0.0,0.0,62729000000.0,9144399000000.0,903989000000.0,1444314000000.0,0.0,0.0,0.0,0.0,-1699794000000.0,-574119000000.0,-1527102000000.0,-191373000000.0,-58676000000.0,-1016956000000.0,0.0,1317716000000.0,0.0,-428783000000.0,-73572000000.0,-55009000000.0,0.0,306416000000.0,0.0,460944000000.0,347961000000.0,0.0,0.0,0.0,1422000000.0,204419000000.0,1824113000000.0,2931402000000.0,0.0,1687071000000.0,488499000000.0,34072000000.0,-218698000000.0,-95678000000.0,0.0,0.0,0.0,,0.0,15220000000.0,11666416000000.0,18177871000000.0,2178609000000.0,0.0,361122209000000.0,510052000000.0,1120846000000.0,810920000000.0,1309370000000.0,9155659000000.0,0.0,6490749000000.0,2664436000000.0,,38203928000000.0,4986806000000.0,0.0,586971000000.0,189028000000.0,344898000000.0,2367959000000.0,0.0,2367959000000.0,101842000000.0,0.0,7756089000000.0,219130000000.0,10688076000000.0,320117000000.0,343368000000.0,89106000000.0,550847000000.0,479648000000.0,262580000000.0,606000000.0,1109488000000.0,0.0,218332000000.0,263112000000.0,424290000000.0,0.0,192938000000.0,0.0,0.0,37160102000000.0,0.0,163168920000000.0,154046058000000.0,11699046000000.0,0.0,3757777000000.0,0.0,444525000000.0,1755490000000.0,347645000000.0,3699101000000.0,42077347000000.0,0.0,0.0,230348934000000.0,67309464000000.0,5707740000000.0,2344431000000.0,1329624746000000.0,13312892000000.0,79864000000.0
94358665000000.0,841347510000000.0,0.0,0.0,391823802000000.0,391823802000000.0,391823802000000.0,391823802000000.0,391823802000000.0,391823802000000.0,0.0,321633599000000.0,321633599000000.0,321633599000000.0,1416000000.0,205380779000000.0,0.1583,619817000000.0,0.0,0.0,-7672000000.0,263294000000.0,171181000000.0,1731415000000.0,90350000000.0,46428000000.0,0.0,1731415000000.0,55000000.0,3285837000000.0,363297000000.0,-65124000000.0,79230000000.0,2769300000000.0,-153339000000.0,-166873000000.0,0.0,-38910000000.0,0.0,0.0,-476374000000.0,-546418000000.0,-14040000000.0,-252980000000.0,0.0,0.0,-50563000000.0,0.0,0.0,434475000000.0,7300580000000.0,0.0,19429000000.0,384502377000000.0,181816787000000.0,0.0,124476714000000.0,0.0,85530301000000.0,0.0,97227579000000.0,0.0,97227579000000.0,0.0,102293104000000.0,0.0,1086046000000.0,2172092000000.0,0.0,0.0,0.0,31486511000000.0,0.0,180085209000000.0,36574000000.0,2671653000000.0,830730000000.0,77779000000.0,31475014000000.0,11597792000000.0,86701000000.0,0.0,-1084953000000.0,0.0,-1515870000000.0,0.0,-58676000000.0,-808265000000.0,0.0,876384000000.0,0.0,3744000000.0,396320000000.0,0.0,0.0,220998000000.0,0.0,336969000000.0,408719000000.0,0.0,0.0,403218000000.0,19323000000.0,192005000000.0,1739159000000.0,2942253000000.0,0.0,2077136000000.0,742578000000.0,-32801000000.0,593985000000.0,-152679000000.0,0.0,0.0,0.0,,0.0,22493000000.0,12211189000000.0,18624640000000.0,2069517000000.0,0.0,387394959000000.0,509320000000.0,890753000000.0,959253000000.0,1228271000000.0,9151551000000.0,0.0,6486641000000.0,2664436000000.0,,37804244000000.0,4542000000000.0,0.0,563818000000.0,94171000000.0,354768000000.0,2034542000000.0,0.0,2034542000000.0,152703000000.0,0.0,7979109000000.0,194721000000.0,101229288000000.0,526428000000.0,347260000000.0,14194000000.0,604945000000.0,558884000000.0,184689000000.0,805000000.0,1373322000000.0,0.0,398798000000.0,5296000000.0,151762000000.0,0.0,183355000000.0,0.0,0.0,35668217000000.0,0.0,168974983000000.0,139521206000000.0,13137410000000.0,0.0,890551000000.0,0.0,422005000000.0,1797936000000.0,470129000000.0,831875000000.0,45228353000000.0,0.0,0.0,148035258000000.0,68516409000000.0,5194016000000.0,2378435000000.0,1365243144000000.0,13011264000000.0,62549000000.0
98507324000000.0,0.0,0.0,0.0,410545854000000.0,410545854000000.0,410545854000000.0,0.0,410545854000000.0,410545854000000.0,0.0,318918817000000.0,318918817000000.0,0.0,19981000000.0,222376878000000.0,0.0,547083000000.0,0.0,0.0,-38426000000.0,219968000000.0,176708000000.0,1523667000000.0,87789000000.0,43148000000.0,0.0,1523667000000.0,1000000.0,3014021000000.0,415657000000.0,-8590000000.0,40559000000.0,3685920000000.0,-211859000000.0,-45653000000.0,0.0,-34450000000.0,0.0,0.0,-685911000000.0,-481080000000.0,-16335000000.0,-515770000000.0,0.0,0.0,-285453000000.0,0.0,0.0,396676000000.0,5613151000000.0,0.0,12652000000.0,404900070000000.0,195724115000000.0,0.0,140681417000000.0,0.0,74140322000000.0,0.0,103225630000000.0,0.0,103225630000000.0,0.0,111466460000000.0,0.0,1086025000000.0,2172050000000.0,0.0,0.0,0.0,30124654000000.0,0.0,0.0,36306000000.0,4305294000000.0,805517000000.0,78351000000.0,0.0,0.0,0.0,0.0,-953094000000.0,0.0,-1197417000000.0,0.0,-570000000.0,-716267000000.0,0.0,853436000000.0,0.0,48045000000.0,43953000000.0,58106000000.0,0.0,207170000000.0,0.0,348996000000.0,396735000000.0,0.0,0.0,0.0,1422000000.0,781867000000.0,1581851000000.0,3197081000000.0,0.0,2123059000000.0,441326000000.0,27677000000.0,156659000000.0,17771000000.0,0.0,0.0,0.0,,0.0,0.0,13080351000000.0,17000144000000.0,2894826000000.0,0.0,404985717000000.0,721081000000.0,837035000000.0,1107195000000.0,2356898000000.0,9151450000000.0,0.0,6486540000000.0,2664436000000.0,,36385949000000.0,4643138000000.0,0.0,622336000000.0,412082000000.0,337203000000.0,1787455000000.0,0.0,1787455000000.0,97602000000.0,0.0,8752732000000.0,373991000000.0,11251381000000.0,258070000000.0,276520000000.0,5318000000.0,780155000000.0,794208000000.0,191499000000.0,722000000.0,1784258000000.0,0.0,449177000000.0,2000000.0,14320000000.0,0.0,-143231000000.0,0.0,0.0,33993896000000.0,0.0,170741099000000.0,135429844000000.0,12747874000000.0,0.0,1435098000000.0,0.0,519090000000.0,2203996000000.0,922275000000.0,1434528000000.0,60097476000000.0,0.0,0.0,130503258000000.0,80636397000000.0,6289596000000.0,2574745000000.0,1398768352000000.0,11745149000000.0,59786000000.0
108906042000000.0,0.0,0.0,0.0,420523705000000.0,420523705000000.0,420523705000000.0,0.0,420523705000000.0,420523705000000.0,0.0,358403785000000.0,358403785000000.0,0.0,19625000000.0,226504815000000.0,0.0,800046000000.0,0.0,0.0,-35680000000.0,965343000000.0,239580000000.0,1610373000000.0,84471000000.0,57582000000.0,0.0,1610373000000.0,1348000000.0,3989840000000.0,231097000000.0,-105625000000.0,47363000000.0,5430628000000.0,-403240000000.0,-11952000000.0,0.0,-25578000000.0,0.0,0.0,-506643000000.0,-1967858000000.0,-23870000000.0,-745486000000.0,0.0,0.0,-54494000000.0,0.0,0.0,1204923000000.0,7930134000000.0,0.0,8042000000.0,412557064000000.0,199011376000000.0,8840000000.0,142211821000000.0,0.0,79300508000000.0,0.0,103651920000000.0,0.0,103651920000000.0,0.0,108712598000000.0,0.0,1085527000000.0,2171054000000.0,0.0,0.0,0.0,28006736000000.0,0.0,0.0,28872000000.0,2883102000000.0,728538000000.0,45856000000.0,0.0,0.0,0.0,0.0,-875832000000.0,-133032000000.0,-131139000000.0,0.0,0.0,-380001000000.0,0.0,935254000000.0,0.0,354856000000.0,-18590000000.0,570000000.0,0.0,259405000000.0,0.0,222561000000.0,448661000000.0,0.0,0.0,0.0,1422000000.0,245674000000.0,1451843000000.0,1879598000000.0,0.0,2534572000000.0,494972000000.0,-304011000000.0,-106393000000.0,-11259000000.0,0.0,0.0,0.0,,0.0,8984000000.0,13303703000000.0,15196078000000.0,8733124000000.0,0.0,407973063000000.0,1686495000000.0,1131097000000.0,999926000000.0,2095342000000.0,11608569000000.0,0.0,8163456000000.0,3444639000000.0,,33438679000000.0,3951228000000.0,0.0,362959000000.0,-235462000000.0,172714000000.0,1695200000000.0,0.0,1695200000000.0,286450000000.0,0.0,9760025000000.0,622100000000.0,12250039000000.0,206438000000.0,-39419000000.0,123000000.0,614352000000.0,657711000000.0,114992000000.0,-1846000000.0,2299678000000.0,0.0,684331000000.0,1060630000000.0,7880000000.0,0.0,477773000000.0,0.0,0.0,34168321000000.0,0.0,225941947000000.0,123079324000000.0,9382514000000.0,0.0,961034000000.0,0.0,512055000000.0,3454741000000.0,1416469000000.0,961034000000.0,76698962000000.0,0.0,0.0,123044466000000.0,60544581000000.0,7762162000000.0,1516639000000.0,1500855418000000.0,12147324000000.0,48332000000.0
147906758000000.0,0.0,0.0,9503303000000.0,465425345000000.0,465425345000000.0,465425345000000.0,0.0,465425345000000.0,465425345000000.0,0.0,387297891000000.0,387297891000000.0,0.0,24457000000.0,222531434000000.0,0.0,506660000000.0,0.0,0.0,-39238000000.0,231061000000.0,249212000000.0,1699366000000.0,90284000000.0,65415000000.0,0.0,1699366000000.0,566000000.0,3142086000000.0,299522000000.0,-1103032000000.0,46548000000.0,7205325000000.0,-354068000000.0,-43012000000.0,0.0,-21835000000.0,0.0,0.0,-697974000000.0,-1472345000000.0,-17465000000.0,-541155000000.0,0.0,0.0,-396827000000.0,0.0,0.0,480273000000.0,7089026000000.0,0.0,4410000000.0,448804149000000.0,223386771000000.0,0.0,146191914000000.0,0.0,95846660000000.0,0.0,99071125000000.0,0.0,99071125000000.0,0.0,98674430000000.0,0.0,1234282000000.0,1751052000000.0,0.0,358756000000.0,0.0,32017889000000.0,0.0,0.0,25853000000.0,235665000000.0,475192000000.0,31468000000.0,0.0,0.0,0.0,0.0,-805035000000.0,-186426000000.0,-107310000000.0,0.0,0.0,-366257000000.0,0.0,1070688000000.0,0.0,7943000000.0,5801000000.0,0.0,0.0,319998000000.0,0.0,137981000000.0,279628000000.0,0.0,0.0,0.0,1422000000.0,454946000000.0,3786044000000.0,1735264000000.0,0.0,1944138000000.0,1057099000000.0,-229420000000.0,-30632000000.0,29267000000.0,0.0,0.0,0.0,,0.0,12248000000.0,11717799000000.0,14816520000000.0,8954634000000.0,0.0,452524464000000.0,1170847000000.0,1664311000000.0,1111089000000.0,2514905000000.0,11606679000000.0,0.0,8161581000000.0,3444624000000.0,,39793873000000.0,3964087000000.0,0.0,404607000000.0,250762000000.0,350959000000.0,1610754000000.0,0.0,1610754000000.0,1917037000000.0,0.0,11148328000000.0,622164000000.0,13732205000000.0,119251000000.0,309692000000.0,72279000000.0,821817000000.0,1003032000000.0,63305000000.0,65000000.0,2004970000000.0,0.0,0.0,636720000000.0,91070000000.0,0.0,134040000000.0,0.0,0.0,36734181000000.0,0.0,263233223000000.0,118200380000000.0,5864288000000.0,0.0,78555000000.0,0.0,513448000000.0,5019699000000.0,1625630000000.0,78555000000.0,64278773000000.0,0.0,0.0,113382294000000.0,75181788000000.0,6496594000000.0,1330657000000.0,1652377834000000.0,12819653000000.0,45335000000.0
153692169000000.0,953953096000000.0,0.0,10182490000000.0,466546217000000.0,466546217000000.0,466546217000000.0,466546217000000.0,466546217000000.0,466546217000000.0,0.0,381946519000000.0,381946519000000.0,381946519000000.0,44557000000.0,207728655000000.0,0.0,-13634000000.0,0.0,0.0,-46408000000.0,612150000000.0,345030000000.0,1525203000000.0,105246000000.0,69151000000.0,0.0,1525203000000.0,-27000000.0,2868890000000.0,225771000000.0,-295326000000.0,52176000000.0,7702981000000.0,-234423000000.0,-2438000000.0,0.0,-36910000000.0,0.0,0.0,-423416000000.0,-576342000000.0,-14706000000.0,-527508000000.0,0.0,0.0,-31202000000.0,0.0,0.0,957180000000.0,7986499000000.0,0.0,2826000000.0,448323225000000.0,219786950000000.0,6620000000.0,161477517000000.0,0.0,85281750000000.0,0.0,107847625000000.0,0.0,107847625000000.0,0.0,117396784000000.0,0.0,1133771000000.0,1271052000000.0,0.0,498245000000.0,0.0,36515727000000.0,0.0,253811740000000.0,16562000000.0,5158545000000.0,1292508000000.0,225525000000.0,21502192000000.0,15176976000000.0,78491000000.0,0.0,-850332000000.0,-156786000000.0,-90402000000.0,0.0,0.0,-365840000000.0,0.0,1153186000000.0,0.0,5636000000.0,-5219000000.0,0.0,0.0,337231000000.0,0.0,127269000000.0,276830000000.0,0.0,0.0,14089000000.0,31252305000000.0,388810000000.0,1586291000000.0,3302055000000.0,0.0,2019348000000.0,939161000000.0,-11153000000.0,74200000000.0,8707000000.0,0.0,0.0,0.0,,0.0,835824000000.0,11677037000000.0,17511764000000.0,9143441000000.0,0.0,452390460000000.0,1472788000000.0,2034966000000.0,1504562000000.0,2525618000000.0,43386686000000.0,0.0,8161033000000.0,35225179000000.0,,42037130000000.0,3918550000000.0,0.0,483995000000.0,146411000000.0,402377000000.0,1876466000000.0,0.0,1876466000000.0,951586000000.0,0.0,11210786000000.0,508229000000.0,102853181000000.0,192802000000.0,308206000000.0,11145000000.0,513515000000.0,523593000000.0,92536000000.0,75000000.0,2161483000000.0,0.0,0.0,72798000000.0,83060000000.0,0.0,138111000000.0,0.0,0.0,42808640000000.0,0.0,248570993000000.0,125420908000000.0,7954618000000.0,0.0,1719515000000.0,0.0,809006000000.0,5021500000000.0,1820299000000.0,1719515000000.0,67682523000000.0,0.0,0.0,119363340000000.0,98559954000000.0,2914184000000.0,2818060000000.0,1638607870000000.0,12088195000000.0,52585000000.0
160237900000000.0,0.0,0.0,12826732000000.0,475605589000000.0,475605589000000.0,475605589000000.0,0.0,475605589000000.0,475605589000000.0,0.0,409044572000000.0,409044572000000.0,0.0,57476000000.0,210002817000000.0,0.0,740428000000.0,0.0,0.0,-116534000000.0,423245000000.0,299226000000.0,1674973000000.0,111091000000.0,57300000000.0,0.0,1674973000000.0,6000000.0,3630731000000.0,324462000000.0,-106849000000.0,83938000000.0,7260556000000.0,-217383000000.0,-17674000000.0,0.0,-62517000000.0,0.0,0.0,-483509000000.0,-621843000000.0,-14703000000.0,-617550000000.0,0.0,0.0,-165345000000.0,0.0,0.0,722471000000.0,7620757000000.0,0.0,2364000000.0,455091998000000.0,213344580000000.0,6262000000.0,164724446000000.0,0.0,97536563000000.0,9447363000000.0,121243204000000.0,0.0,121243204000000.0,0.0,151240013000000.0,0.0,1133771000000.0,1271052000000.0,0.0,498245000000.0,0.0,37109349000000.0,0.0,0.0,22480000000.0,5943360000000.0,1443003000000.0,829953000000.0,0.0,0.0,0.0,0.0,-1035363000000.0,-12030000000.0,-9000000.0,0.0,0.0,-349134000000.0,0.0,1325084000000.0,0.0,30131000000.0,-13425000000.0,0.0,0.0,417436000000.0,0.0,135304000000.0,425649000000.0,0.0,0.0,0.0,1422000000.0,1276686000000.0,2034812000000.0,2997277000000.0,0.0,2255660000000.0,129284000000.0,123789000000.0,634737000000.0,-5587000000.0,0.0,0.0,0.0,,0.0,835838000000.0,11139678000000.0,18649785000000.0,5975726000000.0,0.0,463162417000000.0,2406600000000.0,2269677000000.0,1791169000000.0,2467759000000.0,43386280000000.0,0.0,8160627000000.0,35225179000000.0,,43289176000000.0,4122535000000.0,0.0,442484000000.0,271893000000.0,439168000000.0,1963785000000.0,0.0,1963785000000.0,41813000000.0,0.0,11823319000000.0,306444000000.0,14532716000000.0,207889000000.0,835414000000.0,12087000000.0,469940000000.0,873970000000.0,137216000000.0,93000000.0,2310778000000.0,0.0,0.0,37007000000.0,110000000000.0,0.0,178717000000.0,0.0,0.0,40798020000000.0,0.0,271464395000000.0,130935907000000.0,6644270000000.0,0.0,5130241000000.0,0.0,903431000000.0,4407506000000.0,1865681000000.0,5130241000000.0,74802976000000.0,0.0,0.0,144875673000000.0,115319196000000.0,930274000000.0,2554793000000.0,1709721396000000.0,11723009000000.0,46212000000.0
176803981000000.0,1019093346000000.0,0.0,16619167000000.0,518641568000000.0,518641568000000.0,518641568000000.0,518641568000000.0,518641568000000.0,518641568000000.0,0.0,454660779000000.0,454660779000000.0,454660779000000.0,98422000000.0,221480506000000.0,0.0,338864000000.0,0.0,0.0,-23952000000.0,689634000000.0,322472000000.0,1674027000000.0,115952000000.0,51148000000.0,0.0,1674027000000.0,10000000.0,3610089000000.0,417982000000.0,-184457000000.0,69154000000.0,6847777000000.0,-837460000000.0,-4039000000.0,0.0,-62521000000.0,0.0,0.0,-731015000000.0,-1149507000000.0,-14970000000.0,-618282000000.0,0.0,0.0,-1600000000.0,0.0,0.0,1012106000000.0,9302275000000.0,0.0,364000000.0,492615545000000.0,213329820000000.0,5795000000.0,187102949000000.0,0.0,118208799000000.0,12394086000000.0,104993945000000.0,0.0,104993945000000.0,0.0,130819145000000.0,0.0,1133771000000.0,1271052000000.0,0.0,498245000000.0,0.0,42054340000000.0,0.0,290539777000000.0,31580000000.0,904248000000.0,1549820000000.0,966379000000.0,27397674000000.0,27330854000000.0,56459000000.0,0.0,-903177000000.0,-48120000000.0,-135612000000.0,0.0,0.0,-362303000000.0,0.0,1531752000000.0,0.0,-24521000000.0,11352000000.0,0.0,0.0,507564000000.0,0.0,167030000000.0,538943000000.0,0.0,0.0,178696000000.0,49860189000000.0,1293097000000.0,1751323000000.0,8651292000000.0,0.0,2495751000000.0,308572000000.0,312534000000.0,247528000000.0,32233000000.0,0.0,0.0,0.0,,0.0,834835000000.0,13948273000000.0,19221021000000.0,4438954000000.0,0.0,508203471000000.0,1856801000000.0,2762221000000.0,1380121000000.0,2908684000000.0,45028627000000.0,0.0,9719471000000.0,35308682000000.0,,47631732000000.0,3794489000000.0,0.0,784185000000.0,320507000000.0,542375000000.0,1790729000000.0,0.0,1790729000000.0,154854000000.0,0.0,11675286000000.0,436590000000.0,143441869000000.0,311848000000.0,1098157000000.0,36272000000.0,757342000000.0,1076860000000.0,130378000000.0,41000000.0,2545395000000.0,0.0,0.0,386781000000.0,75000000000.0,0.0,132179000000.0,0.0,0.0,44842420000000.0,0.0,273186988000000.0,172755713000000.0,8718078000000.0,0.0,4432778000000.0,0.0,910902000000.0,3875583000000.0,1992138000000.0,4432778000000.0,43092550000000.0,0.0,0.0,127285965000000.0,111061056000000.0,15018530000000.0,7867107000000.0,1880266106000000.0,11876937000000.0,9012000000.0
194073590000000.0,0.0,0.0,19838889000000.0,559276885000000.0,559276885000000.0,559276885000000.0,0.0,559276885000000.0,559276885000000.0,0.0,458040690000000.0,458040690000000.0,0.0,112165000000.0,225190621000000.0,0.0,347989000000.0,0.0,0.0,-44886000000.0,433925000000.0,352450000000.0,1704561000000.0,120446000000.0,51336000000.0,0.0,1704561000000.0,2063000000.0,3249136000000.0,236366000000.0,-72476000000.0,71233000000.0,6007694000000.0,-204138000000.0,-86653000000.0,0.0,-64123000000.0,0.0,0.0,-1417301000000.0,-1175843000000.0,-13828000000.0,-563010000000.0,0.0,0.0,1600000000.0,0.0,0.0,786375000000.0,7221429000000.0,0.0,97000000.0,532099580000000.0,214367031000000.0,4725000000.0,215990982000000.0,0.0,128918872000000.0,11121795000000.0,131188842000000.0,0.0,131188842000000.0,0.0,184240162000000.0,0.0,1133771000000.0,1271052000000.0,0.0,498245000000.0,0.0,45525717000000.0,0.0,0.0,43610000000.0,15781038000000.0,2119435000000.0,3454944000000.0,0.0,0.0,0.0,0.0,-920946000000.0,-120300000000.0,-97029000000.0,0.0,0.0,-379425000000.0,0.0,21570154000000.0,0.0,-29983000000.0,12861000000.0,0.0,0.0,10486765000000.0,0.0,206391000000.0,580498000000.0,0.0,0.0,0.0,1422000000.0,1637230000000.0,1763515000000.0,8883100000000.0,0.0,2171151000000.0,-3024000000.0,544434000000.0,1073030000000.0,-23405000000.0,0.0,0.0,0.0,,0.0,826093000000.0,12662231000000.0,18512186000000.0,6088171000000.0,0.0,546871794000000.0,1709643000000.0,2741590000000.0,1865687000000.0,3291503000000.0,45028418000000.0,0.0,9719262000000.0,35308682000000.0,,50870739000000.0,3537897000000.0,0.0,756533000000.0,247347000000.0,453831000000.0,2059854000000.0,0.0,2059854000000.0,45156000000.0,0.0,11522273000000.0,471280000000.0,14507238000000.0,143683000000.0,1294290000000.0,63248000000.0,1297914000000.0,1115450000000.0,140827000000.0,45000000.0,2234719000000.0,0.0,0.0,603227000000.0,98150000000.0,0.0,113467000000.0,0.0,0.0,46660583000000.0,0.0,272687509000000.0,178880256000000.0,6472925000000.0,0.0,8967611000000.0,0.0,1090049000000.0,3179733000000.0,1666679000000.0,8967611000000.0,54879964000000.0,0.0,0.0,125863254000000.0,188336775000000.0,9197218000000.0,8126567000000.0,1972286316000000.0,12459219000000.0,506453000000.0
201210426000000.0,1078291126000000.0,0.0,24693765000000.0,592083271000000.0,592083271000000.0,592083271000000.0,592083271000000.0,592083271000000.0,592083271000000.0,0.0,481860239000000.0,481860239000000.0,481860239000000.0,113313000000.0,239652609000000.0,0.0,455597000000.0,0.0,0.0,-9076000000.0,563124000000.0,367835000000.0,1940656000000.0,130149000000.0,57312000000.0,0.0,1940656000000.0,-1430000000.0,3948974000000.0,435731000000.0,-115669000000.0,82089000000.0,5871055000000.0,-129891000000.0,-59282000000.0,0.0,-76510000000.0,0.0,0.0,-1591317000000.0,-1305741000000.0,-16820000000.0,-630554000000.0,0.0,0.0,-1600000000.0,0.0,0.0,930959000000.0,7231497000000.0,0.0,97000000.0,560039878000000.0,234629730000000.0,4721000000.0,233839576000000.0,0.0,123613965000000.0,0.0,113677245000000.0,0.0,113677245000000.0,0.0,137800362000000.0,0.0,1131904000000.0,11054000000.0,0.0,1126377000000.0,0.0,48246179000000.0,0.0,342633255000000.0,71294000000.0,12427974000000.0,3334969000000.0,4195366000000.0,28321536000000.0,34866330000000.0,219511000000.0,0.0,-904752000000.0,-120300000000.0,-172167000000.0,0.0,0.0,-399073000000.0,0.0,21645356000000.0,0.0,5398000000.0,-25046000000.0,0.0,0.0,10474668000000.0,0.0,100700000000.0,618281000000.0,0.0,0.0,121777000000.0,74083701000000.0,457895000000.0,1991757000000.0,8808240000000.0,0.0,2461472000000.0,260730000000.0,411351000000.0,646934000000.0,103232000000.0,0.0,0.0,0.0,,0.0,2018538000000.0,15116796000000.0,15450103000000.0,4854607000000.0,0.0,579941598000000.0,2084005000000.0,2669035000000.0,2534026000000.0,3365895000000.0,20845440000000.0,0.0,9717503000000.0,11127463000000.0,,53189127000000.0,2879897000000.0,0.0,559704000000.0,382098000000.0,629344000000.0,1492430000000.0,0.0,1492430000000.0,351380000000.0,0.0,12523620000000.0,703587000000.0,150884359000000.0,294102000000.0,796473000000.0,162514000000.0,1322234000000.0,788955000000.0,148200000000.0,47000000.0,2204427000000.0,0.0,0.0,929737000000.0,282599000000.0,0.0,172523000000.0,0.0,0.0,51830029000000.0,0.0,301766288000000.0,173434311000000.0,6659640000000.0,0.0,4142658000000.0,0.0,1007845000000.0,3168428000000.0,1612693000000.0,4142658000000.0,59283526000000.0,0.0,0.0,124085745000000.0,118253940000000.0,9188170000000.0,8248536000000.0,2086753222000000.0,15390042000000.0,597450000000.0
209709546000000.0,0.0,0.0,25483299000000.0,626290777000000.0,626290777000000.0,626290777000000.0,0.0,626290777000000.0,626290777000000.0,0.0,494954017000000.0,494954017000000.0,0.0,105121000000.0,253535051000000.0,0.0,730628000000.0,0.0,0.0,-6248000000.0,459008000000.0,437531000000.0,1435303000000.0,135719000000.0,52912000000.0,0.0,1435303000000.0,1134000000.0,3430902000000.0,178667000000.0,-351143000000.0,85276000000.0,6239606000000.0,-274814000000.0,-6596000000.0,0.0,-58039000000.0,0.0,0.0,-1212463000000.0,-257821000000.0,-14549000000.0,-652593000000.0,0.0,0.0,-950517000000.0,0.0,0.0,896539000000.0,8033470000000.0,0.0,97000000.0,592663295000000.0,246730187000000.0,5495000000.0,256894391000000.0,0.0,122666199000000.0,10529028000000.0,102135236000000.0,5359500000000.0,96775736000000.0,0.0,139276805000000.0,0.0,1131904000000.0,11054000000.0,0.0,1126377000000.0,0.0,60859171000000.0,0.0,0.0,77417000000.0,3043914000000.0,3414204000000.0,5929187000000.0,0.0,0.0,0.0,0.0,-718305000000.0,-240597000000.0,-23865000000.0,-40500000000.0,0.0,-287089000000.0,0.0,21940994000000.0,0.0,22050000000.0,49434000000.0,0.0,0.0,10662943000000.0,0.0,98422000000.0,640128000000.0,0.0,0.0,0.0,1422000000.0,862067000000.0,2119334000000.0,9187947000000.0,0.0,1946783000000.0,422714000000.0,61041000000.0,389242000000.0,-527000000.0,0.0,0.0,0.0,,0.0,2021608000000.0,15930792000000.0,15910826000000.0,5162547000000.0,0.0,613044356000000.0,1727800000000.0,3214302000000.0,3141772000000.0,3597601000000.0,20845050000000.0,0.0,9717113000000.0,11127463000000.0,,65786103000000.0,2730181000000.0,0.0,448494000000.0,335066000000.0,569819000000.0,1519580000000.0,0.0,1519580000000.0,286320000000.0,0.0,12232881000000.0,846002000000.0,15168282000000.0,391342000000.0,592572000000.0,6069000000.0,1308658000000.0,1269379000000.0,117306000000.0,53000000.0,1916548000000.0,0.0,0.0,0.0,142650000000.0,0.0,163465000000.0,0.0,0.0,46847132000000.0,0.0,314110027000000.0,172862051000000.0,7981939000000.0,0.0,4524314000000.0,0.0,1195156000000.0,3586046000000.0,1373128000000.0,4524314000000.0,87837598000000.0,0.0,0.0,99636735000000.0,66944643000000.0,11803982000000.0,8739453000000.0,2178806352000000.0,16605219000000.0,654046000000.0
187100081000000.0,1211730000000000.0,0.0,25911246000000.0,631724964000000.0,631724964000000.0,631724964000000.0,631724964000000.0,631724964000000.0,631724964000000.0,0.0,533392350000000.0,533392350000000.0,533392350000000.0,108263000000.0,272316570000000.0,0.0,912816000000.0,0.0,0.0,-16030000000.0,847605000000.0,423447000000.0,1813499000000.0,141763000000.0,68155000000.0,0.0,1813499000000.0,2025000000.0,4740723000000.0,531413000000.0,-1771728000000.0,94823000000.0,6463144000000.0,-307294000000.0,-1282000000.0,0.0,-60565000000.0,0.0,-1235101000000.0,-1215019000000.0,-1906557000000.0,-17643000000.0,-713040000000.0,0.0,0.0,-1000000.0,0.0,0.0,1271052000000.0,10523985000000.0,0.0,97000000.0,595176845000000.0,308816045000000.0,4528000000.0,237697354000000.0,0.0,85211565000000.0,26637327000000.0,148623636000000.0,6859500000000.0,141764136000000.0,0.0,215675167000000.0,0.0,1199303000000.0,30248000000.0,7264000000.0,1126377000000.0,0.0,58465029000000.0,0.0,345650911000000.0,52607000000.0,365358000000.0,4880157000000.0,9377851000000.0,29193078000000.0,44547020000000.0,304209000000.0,0.0,-1125054000000.0,-240597000000.0,-72570000000.0,-40500000000.0,-251000000.0,-438656000000.0,0.0,22316018000000.0,0.0,-135583000000.0,-15984000000.0,-251000000.0,0.0,10837601000000.0,0.0,76962000000.0,879171000000.0,0.0,0.0,62200000000.0,77735160000000.0,1068294000000.0,2082826000000.0,6822028000000.0,0.0,1462842000000.0,-337709000000.0,-424270000000.0,249851000000.0,2001000000.0,0.0,0.0,0.0,,0.0,3162625000000.0,20192422000000.0,26660499000000.0,4440911000000.0,0.0,620183253000000.0,1365655000000.0,2465618000000.0,3269527000000.0,4324232000000.0,24787305000000.0,0.0,11688130000000.0,13098701000000.0,,62617462000000.0,2017000000000.0,0.0,608205000000.0,155575000000.0,775523000000.0,1359448000000.0,0.0,1359448000000.0,600102000000.0,0.0,12225473000000.0,704517000000.0,165518660000000.0,309073000000.0,708712000000.0,3534000000.0,1242828000000.0,382284000000.0,138083000000.0,45000000.0,1762660000000.0,0.0,0.0,1100004000000.0,37860000000.0,0.0,167882000000.0,1732136000000.0,0.0,54777567000000.0,0.0,334149944000000.0,191719796000000.0,7522610000000.0,0.0,9000895000000.0,0.0,1501942000000.0,3841240000000.0,1025139000000.0,9000644000000.0,85878252000000.0,0.0,0.0,153668892000000.0,171805473000000.0,10943742000000.0,6213823000000.0,2236528786000000.0,17442917000000.0,761399000000.0
214782937000000.0,0.0,0.0,30471557000000.0,663692866000000.0,663692866000000.0,663692866000000.0,0.0,663692866000000.0,663692866000000.0,0.0,531583052000000.0,531583052000000.0,0.0,122844000000.0,282694385000000.0,0.0,295039000000.0,0.0,0.0,-73842000000.0,533210000000.0,446494000000.0,1529982000000.0,151262000000.0,75791000000.0,0.0,1529982000000.0,17000000.0,3284915000000.0,253120000000.0,-59081000000.0,74545000000.0,6644631000000.0,-232511000000.0,-6173000000.0,0.0,-53220000000.0,0.0,0.0,-1288874000000.0,-327145000000.0,-12700000000.0,-647569000000.0,0.0,0.0,-7000000.0,0.0,0.0,979704000000.0,7945780000000.0,0.0,97000000.0,625148337000000.0,314579928000000.0,4251000000.0,260262751000000.0,0.0,88850187000000.0,4519551000000.0,124378656000000.0,6859500000000.0,117519156000000.0,0.0,150977580000000.0,0.0,1267471000000.0,68144000000.0,5346000000.0,1126377000000.0,0.0,57888469000000.0,0.0,0.0,241241000000.0,2322732000000.0,5754624000000.0,6881749000000.0,0.0,0.0,0.0,0.0,-1035858000000.0,-240597000000.0,-73518000000.0,-40500000000.0,-378000000.0,-409113000000.0,0.0,14638490000000.0,0.0,29732000000.0,-189000000.0,-127000000.0,0.0,6938725000000.0,0.0,91941000000.0,1663297000000.0,0.0,0.0,0.0,1422000000.0,634470000000.0,1838357000000.0,8253856000000.0,0.0,1828132000000.0,393944000000.0,454811000000.0,450449000000.0,178426000000.0,0.0,0.0,0.0,,0.0,3161508000000.0,16556034000000.0,30718073000000.0,5192449000000.0,0.0,650716505000000.0,1487161000000.0,2388574000000.0,3908177000000.0,3670200000000.0,24786838000000.0,0.0,11687663000000.0,13098701000000.0,,61854438000000.0,1886371000000.0,0.0,521540000000.0,612392000000.0,672418000000.0,1667321000000.0,0.0,1667321000000.0,47716000000.0,0.0,11721049000000.0,889236000000.0,14950024000000.0,286808000000.0,653417000000.0,184726000000.0,1407375000000.0,357625000000.0,126508000000.0,54000000.0,1479461000000.0,0.0,0.0,424338000000.0,160150000000.0,0.0,199977000000.0,0.0,0.0,54076226000000.0,0.0,345210510000000.0,179318916000000.0,7053626000000.0,0.0,2280761000000.0,0.0,1604293000000.0,4113256000000.0,852537000000.0,2280383000000.0,88810110000000.0,0.0,0.0,142251444000000.0,83405925000000.0,11897762000000.0,7732316000000.0,2296003622000000.0,17960996000000.0,837878000000.0
227450082000000.0,1295892634000000.0,0.0,33805855000000.0,710313010000000.0,710313010000000.0,710313010000000.0,710313010000000.0,710313010000000.0,710313010000000.0,0.0,545078843000000.0,545078843000000.0,545078843000000.0,123735000000.0,302752099000000.0,0.0,506225000000.0,0.0,0.0,-32880000000.0,561180000000.0,461646000000.0,1645464000000.0,162671000000.0,77565000000.0,0.0,1645464000000.0,0.0,3830693000000.0,415942000000.0,-30364000000.0,122662000000.0,7166531000000.0,-248831000000.0,-2728000000.0,0.0,-76811000000.0,-8447000000.0,0.0,-1279229000000.0,-902263000000.0,-21885000000.0,-821848000000.0,0.0,0.0,-59000000.0,0.0,0.0,1022826000000.0,9399987000000.0,0.0,97000000.0,666980218000000.0,330963964000000.0,3118000000.0,284827465000000.0,0.0,94521581000000.0,7221018000000.0,146985597000000.0,5359500000000.0,141626097000000.0,0.0,179975413000000.0,0.0,3032779000000.0,3464772000000.0,24109000000.0,1126377000000.0,0.0,65102469000000.0,0.0,388312925000000.0,246107000000.0,5196627000000.0,3014958000000.0,11214355000000.0,26467348000000.0,50253064000000.0,135235000000.0,0.0,-1054884000000.0,-240597000000.0,-168711000000.0,-40500000000.0,-821000000.0,-446743000000.0,0.0,14554334000000.0,0.0,-6342000000.0,-31288000000.0,-443000000.0,0.0,6884407000000.0,0.0,69334000000.0,925219000000.0,0.0,0.0,43258000000.0,101576067000000.0,756054000000.0,1823074000000.0,8243337000000.0,0.0,2106991000000.0,420439000000.0,415158000000.0,599870000000.0,31979000000.0,0.0,0.0,0.0,,0.0,1353273000000.0,15468904000000.0,29999095000000.0,4227428000000.0,0.0,697155335000000.0,1846511000000.0,2718488000000.0,4365248000000.0,4065405000000.0,24786836000000.0,0.0,11687661000000.0,13098701000000.0,,70602327000000.0,3430677000000.0,0.0,638740000000.0,725580000000.0,976031000000.0,1712221000000.0,0.0,1712221000000.0,91682000000.0,0.0,12749009000000.0,866346000000.0,163039304000000.0,252745000000.0,886331000000.0,35150000000.0,1385605000000.0,264881000000.0,174827000000.0,45000000.0,1644772000000.0,0.0,13048000000.0,1052599000000.0,280450000000.0,0.0,213700000000.0,0.0,0.0,56583355000000.0,0.0,346701473000000.0,191852399000000.0,6524971000000.0,0.0,4139215000000.0,0.0,1970935000000.0,4238144000000.0,834790000000.0,4138394000000.0,85213946000000.0,0.0,0.0,145454031000000.0,151091310000000.0,12865286000000.0,7604597000000.0,2419847708000000.0,18550251000000.0,667132000000.0
237838600000000.0,0.0,0.0,41712992000000.0,766709929000000.0,766709929000000.0,766709929000000.0,0.0,766709929000000.0,766709929000000.0,0.0,595086941000000.0,595086941000000.0,0.0,129604000000.0,327455966000000.0,0.0,675350000000.0,0.0,0.0,-11756000000.0,606963000000.0,499265000000.0,1961438000000.0,169418000000.0,73622000000.0,0.0,1961438000000.0,17000000.0,4492851000000.0,506778000000.0,-130460000000.0,61057000000.0,7674932000000.0,-317913000000.0,-181237000000.0,0.0,-144837000000.0,-48621000000.0,0.0,-997295000000.0,-255132000000.0,-19490000000.0,-791476000000.0,0.0,0.0,-86000000.0,0.0,0.0,1106228000000.0,11265747000000.0,0.0,97000000.0,713599274000000.0,342185919000000.0,2215000000.0,324345191000000.0,0.0,100178819000000.0,7623315000000.0,139296462000000.0,0.0,139296462000000.0,0.0,156373162000000.0,398712000000.0,1852725000000.0,3460814000000.0,12662000000.0,0.0,0.0,68893780000000.0,0.0,0.0,208142000000.0,1698972000000.0,4321309000000.0,15147597000000.0,0.0,0.0,0.0,0.0,-833268000000.0,-240597000000.0,-843000000.0,0.0,-281000000.0,-357955000000.0,0.0,14554698000000.0,0.0,73872000000.0,55416000000.0,540000000.0,0.0,6881781000000.0,0.0,52997000000.0,905180000000.0,0.0,0.0,0.0,1422000000.0,354385000000.0,1713772000000.0,8056678000000.0,0.0,2265937000000.0,576241000000.0,559414000000.0,1059359000000.0,-149808000000.0,0.0,0.0,0.0,,0.0,2943054000000.0,18977789000000.0,32148757000000.0,4542055000000.0,0.0,753251819000000.0,1372690000000.0,2460359000000.0,5083006000000.0,4191242000000.0,24786549000000.0,0.0,11687374000000.0,13098701000000.0,,74419243000000.0,3603549000000.0,0.0,530136000000.0,736877000000.0,678406000000.0,1749017000000.0,0.0,1749017000000.0,55655000000.0,0.0,14152516000000.0,1019636000000.0,17599575000000.0,561070000000.0,1247984000000.0,30889000000.0,1087271000000.0,280121000000.0,293407000000.0,59000000.0,1747215000000.0,0.0,77154000000.0,534511000000.0,214724000000.0,0.0,206803000000.0,0.0,0.0,67774760000000.0,0.0,366844122000000.0,220673318000000.0,7569501000000.0,0.0,3107429000000.0,0.0,2117433000000.0,4790982000000.0,705460000000.0,3107148000000.0,83631450000000.0,0.0,0.0,114537534000000.0,164073006000000.0,11870164000000.0,7526542000000.0,2621340648000000.0,20070584000000.0,420078000000.0
207026817000000.0,1359984910000000.0,0.0,43859732000000.0,767617129000000.0,767617129000000.0,767617129000000.0,767617129000000.0,767617129000000.0,767617129000000.0,0.0,618911535000000.0,618911535000000.0,618911535000000.0,130804000000.0,356187672000000.0,0.0,1008025000000.0,0.0,0.0,-11852000000.0,730991000000.0,502454000000.0,1972377000000.0,173408000000.0,113159000000.0,0.0,1972377000000.0,2406000000.0,4823975000000.0,321155000000.0,-58847000000.0,47920000000.0,8376265000000.0,-386048000000.0,-37274000000.0,0.0,-122494000000.0,-65513000000.0,0.0,-697842000000.0,-427711000000.0,-20487000000.0,-834405000000.0,0.0,0.0,-22000000.0,0.0,0.0,1233445000000.0,13134125000000.0,0.0,97000000.0,710490503000000.0,375059507000000.0,1868000000.0,295546691000000.0,0.0,97010931000000.0,14335098000000.0,145526404000000.0,0.0,145526404000000.0,0.0,172905967000000.0,1600164000000.0,1860377000000.0,3474706000000.0,7629000000.0,0.0,0.0,56386701000000.0,0.0,397515507000000.0,57922000000.0,115395000000.0,14175251000000.0,19255776000000.0,21311732000000.0,47342538000000.0,504162000000.0,0.0,-1239225000000.0,0.0,-11589000000.0,0.0,-1054000000.0,-415884000000.0,0.0,17300258000000.0,0.0,-55120000000.0,-2809000000.0,-773000000.0,0.0,8218019000000.0,0.0,54958000000.0,9937794000000.0,0.0,0.0,11175000000.0,131863437000000.0,600068000000.0,1295588000000.0,8740175000000.0,0.0,2570935000000.0,493718000000.0,212818000000.0,736643000000.0,-8623000000.0,0.0,0.0,0.0,,0.0,3672279000000.0,23104566000000.0,17979143000000.0,3852272000000.0,0.0,755566482000000.0,918063000000.0,1339119000000.0,5941193000000.0,3622411000000.0,28644562000000.0,0.0,13514266000000.0,15129822000000.0,,61602144000000.0,3861933000000.0,0.0,847784000000.0,919505000000.0,975448000000.0,2177936000000.0,0.0,2177936000000.0,149316000000.0,0.0,14823161000000.0,1187699000000.0,249388469000000.0,253663000000.0,1180620000000.0,29424000000.0,847428000000.0,404307000000.0,260108000000.0,65000000.0,1890133000000.0,0.0,113334000000.0,236244000000.0,151988000000.0,0.0,284627000000.0,0.0,0.0,61559029000000.0,0.0,396881095000000.0,213415080000000.0,8615360000000.0,0.0,4816831000000.0,0.0,2535887000000.0,4982036000000.0,810422000000.0,4815777000000.0,78481402000000.0,0.0,0.0,169459272000000.0,151112208000000.0,4765776000000.0,7892391000000.0,2690889910000000.0,26413712000000.0,510220000000.0
198854113000000.0,0.0,0.0,44754440000000.0,796863951000000.0,796863951000000.0,796863951000000.0,0.0,796863951000000.0,796863951000000.0,0.0,599808238000000.0,599808238000000.0,0.0,125930000000.0,376581142000000.0,0.0,393003000000.0,0.0,0.0,-48910000000.0,626180000000.0,491365000000.0,1626349000000.0,178086000000.0,105643000000.0,0.0,1626349000000.0,0.0,3869012000000.0,448386000000.0,-179407000000.0,31797000000.0,10174952000000.0,-315460000000.0,-11111000000.0,0.0,-116215000000.0,-104130000000.0,0.0,-671834000000.0,-884146000000.0,-18954000000.0,-880765000000.0,0.0,0.0,-2043000000.0,0.0,0.0,1117545000000.0,11324631000000.0,0.0,97000000.0,740656978000000.0,395471744000000.0,1875000000.0,299794360000000.0,0.0,101597847000000.0,1220247000000.0,141063971000000.0,0.0,141063971000000.0,0.0,142214499000000.0,559887000000.0,1931353000000.0,3471352000000.0,27050000000.0,0.0,0.0,57098102000000.0,0.0,0.0,51759000000.0,168627000000.0,11327913000000.0,14735519000000.0,0.0,0.0,0.0,0.0,-1246146000000.0,0.0,-5748000000.0,0.0,-747000000.0,-416551000000.0,0.0,21149648000000.0,0.0,1640000000.0,-2307000000.0,307000000.0,0.0,8284024000000.0,0.0,118970000000.0,6577940000000.0,0.0,0.0,0.0,1422000000.0,1080615000000.0,1888332000000.0,10223588000000.0,0.0,3148457000000.0,138499000000.0,583817000000.0,238735000000.0,42771000000.0,0.0,0.0,0.0,,0.0,4149398000000.0,23741270000000.0,16730670000000.0,5441738000000.0,0.0,782726686000000.0,1391382000000.0,1395138000000.0,5909007000000.0,3497466000000.0,28651733000000.0,0.0,13513940000000.0,15137319000000.0,,62025450000000.0,2987257000000.0,0.0,2052989000000.0,1198588000000.0,884443000000.0,1877738000000.0,0.0,1877738000000.0,45851000000.0,0.0,15303396000000.0,1631428000000.0,19697005000000.0,177395000000.0,554862000000.0,53575000000.0,766494000000.0,970263000000.0,249799000000.0,50000000.0,1830142000000.0,0.0,533303000000.0,499743000000.0,129625000000.0,0.0,351469000000.0,0.0,0.0,64055141000000.0,0.0,403992095000000.0,188622548000000.0,7193595000000.0,0.0,462958000000.0,0.0,2962852000000.0,6283225000000.0,897078000000.0,462211000000.0,79778716000000.0,0.0,0.0,169945509000000.0,123240492000000.0,4752200000000.0,8170599000000.0,2712400498000000.0,45053580000000.0,481605000000.0
